id,RAWBA,BAA,total_pa,seasons
211,0.244,0.2566728389655183,390,1
393,0.26179980372914624,0.26963525094223006,2038,4
454,0.23444359756097563,0.24444857283766327,656,2
589,0.2688732394366197,0.24157476769150316,1633,3
629,0.24233589743589745,0.26229651160085415,390,2
639,0.2923128229215594,0.272823019807002,2129,4
731,0.23999999999999996,0.2460645103369673,567,1
745,0.29420322580645164,0.27308096908153273,1240,2
746,0.26981438848920863,0.28880311838533157,695,2
785,0.2323881815213843,0.22580048785522855,3063,6
791,0.29003092214246273,0.29606473072378786,1811,3
950,0.25140861812778603,0.24760008227923064,673,2
971,0.22331687242798354,0.24124551568212654,729,2
1002,0.246,0.258060561601868,516,1
1101,0.25672102161100196,0.2801993083617155,1018,3
1159,0.23532305936073059,0.27163796240544597,876,4
1177,0.24865473684210526,0.2528380759829249,3800,8
1191,0.23821387283236997,0.24022890846572764,519,2
1201,0.265,0.2734325355521718,193,1
1274,0.23592120509849362,0.23600658371909922,863,2
1281,0.23017999999999997,0.23334854800058932,900,2
1327,0.2330840534171249,0.22528642128966325,1273,3
1433,0.2721741729772818,0.2690224323445151,2509,7
1534,0.259,0.2558863025821154,408,1
1551,0.2040749354005168,0.2232396044003521,387,2
1572,0.21878021978021978,0.2545389439273051,637,2
1609,0.2246870860927152,0.25795192034601483,604,2
1677,0.23,0.2580595858911942,204,1
1679,0.2324574607329843,0.2520066237309106,1528,4
1736,0.24977888198757764,0.2588133759903757,1610,4
1737,0.283295,0.2564601693511424,400,2
1738,0.2700734522560336,0.2687558325729294,953,2
1744,0.28061279799247174,0.27138868984396314,3985,9
1825,0.233,0.2553116477725938,317,1
1830,0.232,0.2361223269954262,224,1
1845,0.213,0.1825361607952855,262,1
1849,0.2308738170347003,0.2208499395040157,317,2
1857,0.2779332493702771,0.2897035436169497,2382,4
1873,0.2484212389380531,0.24367024621112926,1130,3
1875,0.253,0.23609438577598788,182,1
1887,0.22386816578483246,0.2238022031523918,2268,4
1904,0.20699999999999996,0.2097692122170713,484,1
1907,0.25527198697068404,0.25436672815701994,614,3
1908,0.2696985422740525,0.2743981468175662,1715,4
1965,0.22205405405405407,0.2312327865283049,333,2
2090,0.255,0.2597052498097108,411,1
2136,0.27792904290429044,0.26874682332840527,4242,10
2140,0.27,0.2777122427716941,180,1
2151,0.25285745140388766,0.23947559386648212,3241,6
2154,0.21518959537572255,0.24463815200590072,865,2
2197,0.253,0.24808542022859786,296,1
2218,0.2556258205689278,0.22843067539126982,457,2
2225,0.24,0.2639993471965483,212,1
2234,0.2560269461077844,0.24778746465614185,668,2
2264,0.181,0.2459912061782933,134,1
2396,0.23873783020435285,0.24608487254922914,6019,10
2430,0.2489491017964072,0.25671204491097666,668,2
2434,0.2786168430335097,0.24899308883559684,4536,9
2495,0.23722032193158954,0.23025254634851625,994,3
2502,0.22895302407516147,0.22753131065563073,1703,5
2505,0.21589890710382514,0.2059897679319835,366,2
2530,0.252415820642978,0.2584566526620247,2364,5
2539,0.152,0.2153259121139772,111,1
2554,0.216,0.202915588118775,102,1
2578,0.22984217016029593,0.2314817650986528,811,3
2579,0.22973065902578796,0.2519863393927818,698,3
2616,0.25329263687854,0.24762423544719467,1589,5
2636,0.2490227471566054,0.2550228214444131,1143,4
2714,0.215,0.2157929805573481,152,1
2802,0.204,0.2194364791058176,151,1
2829,0.24488365650969535,0.24129726209132774,1083,4
2830,0.232,0.24331554823598828,265,1
2832,0.26,0.2391827902729207,131,1
2900,0.20230856423173801,0.215782607809636,1588,7
2918,0.269445155393053,0.26583693036531664,1094,2
2967,0.2578272789581905,0.26039392620878865,4377,10
3035,0.231,0.2592204407831384,256,1
3057,0.2206479049405879,0.19656182462481306,1599,3
3086,0.24943553008595992,0.2468085933468374,2792,7
3123,0.25036651583710406,0.2596549632557537,1105,4
3142,0.22783410374935795,0.21354210961371425,1947,7
3154,0.228,0.242271402644256,204,1
3174,0.26346187732971876,0.2657042771189426,2951,6
3179,0.2212357414448669,0.2383867511345868,526,2
3231,0.273,0.2750770779721225,367,1
3255,0.2644194915254237,0.2277699391538398,472,2
3256,0.25275857843137256,0.2262256458528357,1632,5
3269,0.28273820297349705,0.27511582331519907,3094,7
3298,0.2570696864111498,0.24761497922442735,861,4
3312,0.2781939726027397,0.2705580699991472,1825,5
3336,0.235,0.2515385565221977,261,1
3353,0.234562464346834,0.24780633426300508,1753,6
3364,0.23032888888888892,0.24536878241071855,900,3
3371,0.23791930379746837,0.257934730532923,632,2
3376,0.26403805175038053,0.24723600928304879,1314,4
3390,0.164,0.2376492661489818,119,1
3395,0.22398012232415904,0.2328824179577619,654,3
3410,0.278541650961176,0.2774368994526874,2653,6
3411,0.22252287581699345,0.218562550212211,612,4
3441,0.2335521327014218,0.21394834278707836,422,2
3442,0.183,0.2069925131715803,141,1
3448,0.19310666666666665,0.21970041528416206,900,5
3473,0.264383191141768,0.263615054723533,5509,10
3516,0.27661451296578776,0.27393700209869265,4589,9
3531,0.2634050822122571,0.23726039940246363,1338,3
3648,0.21292267365661857,0.2243029908540375,763,3
3704,0.242,0.2769531186155969,268,1
3707,0.219,0.2145732327950017,210,1
3708,0.2440283344851417,0.255714511932355,1447,4
3711,0.23723529411764704,0.23198737110465537,1428,4
3787,0.2584319526627219,0.25135688116243,338,2
3797,0.23769116360454948,0.22566554938648892,1143,3
3812,0.245,0.2578825792708185,223,1
3878,0.23366433566433564,0.2484302283369373,429,3
3882,0.24187234042553193,0.21736604512846291,987,4
3892,0.2739517869184086,0.2667276281474149,2966,7
3978,0.21599999999999997,0.1930075600069954,155,1
4016,0.236,0.2212367588755086,133,1
4022,0.28332771535580525,0.27998908672117795,2670,5
4062,0.2460653046333455,0.25263432852298495,2741,6
4063,0.278,0.2527403123716661,112,1
4082,0.25247239263803684,0.27058832276611555,1467,3
4106,0.3063952039862971,0.2893519201408123,3211,7
4146,0.24314643304130162,0.24590174310832635,799,2
4182,0.23,0.2308137444294958,132,1
4191,0.3004132553606238,0.2872623973246479,1539,3
4220,0.2586232537178909,0.24287855809741968,2219,6
4229,0.29618381618381623,0.29174463492345815,2002,6
4243,0.19707962529274006,0.2411757118567214,427,3
4249,0.22225,0.2551123720019766,308,2
4251,0.2242288984263233,0.22183288892670763,699,3
4298,0.2380366366366366,0.2476226230579693,1665,5
4314,0.28158240819812125,0.271912153483209,4684,9
4316,0.30424121166791324,0.27618585880939783,2674,6
4365,0.23467759562841528,0.22934459358359544,366,2
4400,0.269,0.2616764916264387,231,1
4403,0.236,0.2579221798084435,219,1
4418,0.2541341877120241,0.25836185023276576,2653,6
4467,0.22018907260963336,0.2223194270338698,1391,3
4556,0.2727188328912467,0.2776960784065331,754,2
4579,0.2762984984984985,0.25899950098713154,3330,6
4599,0.196,0.2383334630440192,260,1
4613,0.2726293508936971,0.2633910539391659,1063,2
4616,0.2236045816733068,0.2287575462409041,2008,5
4712,0.2734085041761579,0.2989051503134098,1317,3
4720,0.261260671599317,0.25663190207804787,1757,3
4727,0.2613092447916667,0.2755097794365051,1536,3
4747,0.23095782208588955,0.24060387840739794,2608,5
4792,0.25603560830860533,0.24114177414482812,674,2
4810,0.2368840653728294,0.23191421111818467,1958,5
4866,0.2387832402234637,0.2691998347544512,1790,6
4881,0.23796598639455782,0.24026732658403394,1764,4
4892,0.25349972098214285,0.2440975161176171,3584,9
4922,0.2824263377345379,0.28713355873649865,2878,6
4940,0.2522666013232051,0.25574328087149084,4081,10
4949,0.24907163814180933,0.21853303425927156,4090,8
4952,0.23209859154929577,0.24270381494990828,426,3
4962,0.26351501501501506,0.25212542291348566,3330,7
4969,0.22077624671916013,0.2196978491386532,1524,4
5000,0.2376170316301703,0.24027036293370327,2055,6
5015,0.24424250325945238,0.2430812747675966,767,2
5038,0.2581385354141657,0.24443173862555825,4165,9
5097,0.2468537735849057,0.248406020282522,636,2
5107,0.22225235109717867,0.22752656438355098,638,3
5133,0.24541134751773044,0.2720574951901907,1128,2
5209,0.2397351086194814,0.25917042814460767,2854,6
5222,0.2458200122025625,0.223787998615906,3278,7
5223,0.26566418604651165,0.2624192772142786,2150,6
5227,0.2714694887300715,0.29261893892778046,1819,5
5235,0.28663203634208967,0.2687728500101936,5063,10
5247,0.2553265720081136,0.22786341526142015,986,2
5254,0.24281143007637612,0.245440437278973,3797,9
5273,0.21751594613749112,0.2137590395711204,1411,6
5275,0.2646041784302654,0.2540800349089574,1771,5
5277,0.211,0.2554165859431419,138,1
5278,0.261,0.2447251425002317,151,1
5297,0.23833409836065572,0.2420945883829921,3050,9
5305,0.27494472361809047,0.27359285758597807,398,2
5306,0.14,0.2395051673818256,107,1
5343,0.25261856368563684,0.26462980934930563,4428,9
5352,0.258751968503937,0.25859974124710394,2032,4
5361,0.30587107843137257,0.2942784864350313,6120,10
5384,0.24158515573227302,0.24861001820949793,1509,5
5408,0.22109197651663404,0.2459402701270943,511,2
5409,0.24544219219219218,0.2600535491590911,1332,4
5417,0.30764217968615276,0.27344277837053393,5799,10
5432,0.24199999999999997,0.2455652517689574,277,1
5450,0.2454962121212121,0.2577829758479703,528,3
5452,0.23425836533187055,0.241936685492235,1823,7
5481,0.25893647912885664,0.2497222744714106,551,2
5485,0.26542105263157895,0.26859534598923734,817,2
5486,0.2322507708119219,0.2555702842117951,973,5
5491,0.2349152823920266,0.24092136925749158,1204,6
5497,0.2525710635579687,0.24565422540879422,3131,8
5514,0.22300000000000003,0.2506026066172534,116,1
5517,0.21762423625254582,0.2168352303439463,982,4
5519,0.2537608286252354,0.2760877012109142,531,2
5557,0.1946184971098266,0.1969847561729743,519,2
5587,0.178,0.2014373074148163,121,1
5631,0.27175092783505156,0.260664247958237,2425,5
5666,0.21799316628701595,0.22405235104752347,439,2
5667,0.23485642176107685,0.22978314772762748,1783,4
5677,0.23450329380764162,0.24425004773257947,759,4
5751,0.25417701149425287,0.2579524934801764,1740,5
5760,0.2618768,0.26733403564372854,3750,9
5827,0.26228722854188213,0.2496878368456554,3868,10
5887,0.2539726315789474,0.25338020056244714,950,3
5888,0.29,0.25452694334232,157,1
5913,0.2627863545816733,0.2706848551690419,2008,5
5930,0.28320894187779433,0.27559682699364657,3355,6
5933,0.2847281637987366,0.2756168143360134,4591,9
5942,0.2120827067669173,0.25773540494869096,532,3
5986,0.22336746987951805,0.25412246566954516,498,2
6012,0.25946138613861386,0.26407456979745936,3535,8
6013,0.218,0.2680724008346454,256,1
6035,0.283,0.2498424777868884,391,1
6073,0.229,0.19029508720846403,103,1
6086,0.198,0.2524920890296338,258,1
6104,0.24755498721227626,0.2596445958617376,782,2
6153,0.2522567067530065,0.2528617049583744,4324,9
6184,0.2860075785582255,0.25582265151763495,5410,10
6195,0.2620981308411215,0.2590193154341186,2782,5
6265,0.294,0.2791322659247428,445,1
6310,0.25372553619302946,0.2774908416764178,2984,6
6364,0.27439773404889684,0.25029173096938284,1677,4
6368,0.2723265103994718,0.26257349439037875,3029,5
6387,0.24999776536312848,0.26170708736157156,895,2
6400,0.20529643527204502,0.21704928598383338,533,2
6448,0.267,0.2427080033224167,185,1
6547,0.2541886949293433,0.25408188103944346,2406,6
6564,0.20791985428051002,0.21661267984845364,549,3
6589,0.2261881566380134,0.23198212157709902,1047,5
6609,0.2505949023861171,0.2540835766724577,3688,7
6652,0.23671270718232043,0.2505243218719462,362,2
6677,0.21999817518248171,0.2657905514987449,548,3
6740,0.2669321058688147,0.27992437173898216,869,2
6827,0.209,0.2439524743151491,274,1
6848,0.28243794506612413,0.26694412254702515,1966,5
6867,0.21783676834295135,0.22158627349282384,1213,3
6876,0.25222365393465257,0.23078828386482614,2173,4
6878,0.22683686176836862,0.2579247885571813,803,2
6885,0.2555494269340975,0.2528007130044726,2792,5
6887,0.19926569165143207,0.21302291557679293,3282,10
6908,0.2576111111111111,0.25537125716304093,576,2
6938,0.197,0.2809634703958268,206,1
7002,0.212,0.2501499908653948,270,1
7007,0.2682089509692132,0.2785594492512476,3508,8
7087,0.22746641074856044,0.2403107912579481,1042,4
7158,0.23402479338842974,0.25016997765801724,242,2
7168,0.261,0.2676139625425217,192,1
7185,0.2498585690515807,0.2430572305194869,2404,5
7215,0.201,0.2194242200100451,144,1
7216,0.24800000000000003,0.2616364354940688,147,1
7226,0.22422577209797656,0.19334514114876372,939,2
7244,0.21660049627791564,0.2053974647142733,403,2
7287,0.2722242225859247,0.25609002490760563,2444,5
7290,0.20599999999999996,0.2494680218986562,158,1
7304,0.26101992287917736,0.24582440077694218,4668,9
7324,0.22676470588235295,0.2363426696121142,493,3
7331,0.2513000791765637,0.2502774460565097,1263,3
7358,0.238,0.2360096514464316,106,1
7399,0.2613337142857143,0.2622064213544047,875,2
7423,0.259,0.2732339130009479,226,1
7435,0.2708753180661578,0.26384654022860776,2358,5
7462,0.237100077579519,0.23289850540246124,1289,3
7476,0.21261333333333335,0.23791229815069723,1350,6
7539,0.26078933566433565,0.2598419167462149,2288,5
7571,0.27272380952380954,0.24738813288907224,1050,3
7619,0.2511395598497048,0.22806195957249895,1863,5
7620,0.24799999999999997,0.2353912952003591,141,1
7739,0.2516532518864535,0.2449352482989936,2783,9
7740,0.191,0.2150236511055272,105,1
7799,0.276,0.2484949828056204,276,1
7802,0.2634429347826087,0.28244242535516445,3680,10
7859,0.29358936095505617,0.27166468035771807,5696,10
7870,0.26164851485148516,0.2672386358519889,2222,5
7888,0.21014871016691958,0.22416326534168926,659,3
7927,0.2530825335892514,0.26153879568373833,1563,6
7937,0.221,0.2380184113997369,143,1
7949,0.24822547332185887,0.23194629609616976,1743,5
7996,0.29539370078740157,0.2800195555163802,1270,3
8001,0.2601479421579533,0.25643651274449636,1798,4
8002,0.268,0.2532060338372335,242,1
8027,0.27046584804297774,0.2529521111849953,1303,3
8090,0.24279939819458377,0.24552662041982246,3988,10
8145,0.267,0.2709657050602992,133,1
8155,0.208,0.2704180898531384,105,1
8202,0.26540274672628555,0.2700868488506443,3131,8
8203,0.2950880829015544,0.2914304143642863,2702,5
8252,0.2709858597285068,0.2579832216559279,1768,5
8254,0.197,0.2522826997179279,325,1
8259,0.2524625992478061,0.2517643315851161,2393,8
8267,0.21932307692307695,0.2268356915253376,1495,5
8298,0.203,0.2196014161331904,142,1
8347,0.2713053708439898,0.2795653096490324,1955,4
8370,0.30346658259773013,0.2765244419084311,1586,3
8392,0.22875809649702578,0.24283401034947313,1513,5
8418,0.23877496274217588,0.25332751178606205,1342,7
8433,0.229,0.2508625411352954,239,1
8434,0.2223085399449036,0.22732694680374535,363,2
8553,0.27636776491540516,0.27940050509051106,2246,6
8610,0.2586192353173039,0.2594005784014358,2537,5
8623,0.293442872687704,0.2666455851737127,1838,6
8628,0.28390068027210885,0.2679650279168633,735,2
8709,0.2663752430330525,0.2740127445576973,4629,9
8722,0.2248411910669975,0.23458256781786563,1612,5
8879,0.19099999999999998,0.2140216062781821,106,1
9009,0.24321834061135372,0.2619355317699389,458,2
9015,0.21201190476190476,0.23209620502481826,756,3
9048,0.2671656590084643,0.2422380676133874,827,3
9054,0.23344984202211688,0.23166292716857972,2532,6
9063,0.22440117130307466,0.262221456289719,683,3
9077,0.2843978622327791,0.283320635165785,3368,7
9112,0.24065134865134863,0.23336887777178594,3003,6
9134,0.25040974729241877,0.23044928989751767,1662,5
9166,0.2970555203045685,0.28551796202213875,3152,6
9205,0.22702996254681648,0.23945770932206512,1869,4
9218,0.28836851238365674,0.2593805007968518,6339,10
9219,0.21064525993883793,0.2118392744532865,1308,3
9241,0.2870896478121665,0.2825929976979881,4685,10
9253,0.21281711229946526,0.21804152464332333,935,3
9256,0.27167447595561034,0.26502693137275524,3244,8
9272,0.21436845956824005,0.2136375877475056,2733,5
9284,0.20556635514018687,0.23692885037207703,535,3
9308,0.23044103773584904,0.2399061072025415,848,4
9328,0.195,0.1633422365638707,140,1
9345,0.2587259259259259,0.26099705473302254,2025,7
9368,0.2576858331294348,0.2448544601461907,4087,9
9393,0.24672387096774193,0.22857918106063974,1550,5
9399,0.23500000000000001,0.22383937082042063,224,1
9433,0.21291629955947133,0.20030954215131225,227,2
9542,0.287,0.270987192120407,105,1
9549,0.2734900662251656,0.24953348379545393,1963,5
9571,0.2640909090909091,0.2678173659062417,286,2
9627,0.23966095551894567,0.23798802275373318,3035,9
9628,0.205,0.2298794345559661,152,1
9629,0.229,0.2353602815773898,232,1
9682,0.22699562043795624,0.20682083910530105,685,3
9689,0.169,0.2255281054535912,136,1
9741,0.277,0.2540422726104169,354,1
9744,0.2509608998393144,0.23752574701201123,1867,5
9774,0.25427852998065764,0.25457236510855025,3102,9
9776,0.25953848762292303,0.2555720065506727,2949,6
9777,0.2867885845497786,0.2583279442662134,6097,10
9785,0.2446087934049463,0.2492094992735822,4003,7
9807,0.23434040995607616,0.23113114033677676,1366,5
9810,0.24672775357809584,0.23081033157256797,3214,5
9847,0.2551210417837736,0.25046958771426625,5337,10
9848,0.27074490513000704,0.2504251527430992,1423,4
9874,0.29235710316725316,0.28532143852599473,5399,10
9886,0.2487032258064516,0.2571838484994271,465,2
9892,0.23509313725490197,0.24794056669516457,2652,6
9893,0.23043743937924346,0.21635395245646702,1031,3
9911,0.21060670731707315,0.20962447980042376,1312,3
9927,0.24927359999999998,0.25025053338209247,3750,7
9929,0.23801185050136736,0.23363210690695352,1097,4
9952,0.21617871900826446,0.21364338105178243,968,5
9953,0.1949449715370019,0.16969964334062113,527,2
9957,0.25840619902120715,0.2463318176011964,1226,4
9981,0.2379318181818182,0.23091654100523204,792,2
10028,0.2277644557823129,0.2349849311044346,1176,5
10030,0.23506128863279208,0.25569566288039697,1909,5
10047,0.25105961754780654,0.23372581633644626,3556,9
10059,0.20908110367892974,0.20804868779959224,1196,5
10067,0.24000000000000002,0.29815803626826,111,1
10071,0.2596968272620447,0.25354131003898456,3404,8
10099,0.231,0.23263160135897,264,1
10155,0.2961260107816711,0.25385068901907437,4452,10
10166,0.21501909307875897,0.24182324659779258,419,3
10199,0.2379100733307603,0.2533469451886241,2591,6
10200,0.2441773533424284,0.2527253035018089,2932,9
10231,0.2838014990953735,0.28068473907350117,3869,9
10243,0.25228254972875225,0.2282872915500875,4424,10
10264,0.2577084584584584,0.2527231212470775,3996,9
10286,0.204,0.2427249201517591,106,1
10289,0.219,0.2136804234405548,143,1
10299,0.269,0.2854174004061818,133,1
10306,0.203,0.2129239457610711,222,1
10322,0.24058985831469054,0.2580512359752319,1341,5
10323,0.24992216582064294,0.24989346605724777,1182,5
10324,0.2737139846743295,0.2544340381530423,5220,10
10327,0.246,0.2527686301019518,185,1
10329,0.23499999999999996,0.2602827159965044,145,1
10339,0.28163978251019484,0.25473638620534883,2207,5
10346,0.23465822784810125,0.21048253028725356,395,2
10348,0.26182388552559166,0.2511853191328493,1817,5
10349,0.24670340909090907,0.22678114590261475,880,2
10441,0.21979411764705886,0.212502594796883,510,2
10459,0.2544870867768595,0.2753886322547632,1936,5
10472,0.23764885699096228,0.2434239903091686,3762,10
10473,0.25131621621621625,0.23561791240557112,1110,4
10542,0.2510905044510386,0.23996657250990827,2022,5
10556,0.26763488218454085,0.2650778259512138,4541,8
10619,0.215,0.2369040083002072,106,1
10642,0.2284180865006553,0.22945126585056694,763,3
10681,0.273445960502693,0.2691219187097496,2785,8
10698,0.191,0.1711551718677259,102,1
10700,0.279,0.2425390659274539,180,1
10711,0.171,0.1841330613468416,108,1
10762,0.2765272559285494,0.2671923227603784,3247,9
10767,0.275,0.2483651833506391,122,1
10807,0.23295065458207453,0.2384267630978401,993,4
10815,0.24738891752577322,0.26581225205531384,3880,8
10816,0.25149875930521093,0.24189288866873096,2015,6
10847,0.2701393665158371,0.2773639082716194,3315,7
10950,0.22832260772243984,0.20492929527092757,3574,9
10951,0.2506885536823425,0.2622000231732814,1127,4
10953,0.27134573829531816,0.2501465569814653,833,4
11003,0.2454678020223523,0.22969891116589056,1879,4
11038,0.24407018498367794,0.2584477002296748,3676,10
11145,0.256075,0.25212676163174164,280,2
11146,0.23554051477597712,0.21894340652188868,1049,3
11165,0.205,0.23480919113405402,289,1
11167,0.224,0.24318794836856183,118,1
11200,0.23641864890580402,0.2542255266170213,4204,9
11205,0.2747606951871658,0.2727178039063261,2992,7
11241,0.277,0.2419517928380962,213,1
11247,0.213,0.23387757276784313,195,1
11255,0.2411029748283753,0.23703508102162746,437,2
11265,0.25906820388349516,0.24532596241431784,4120,9
11270,0.22885161290322584,0.2385101915176633,1085,4
11281,0.2793584052609947,0.28015634870152817,4866,9
11287,0.23512028301886792,0.23925597140382238,424,3
11339,0.2257383343177791,0.2204786773228781,1693,6
11342,0.25523708558211256,0.24124754690553876,2594,7
11368,0.2341253683364586,0.23043774766016217,3733,9
11369,0.193,0.2247079606399043,208,1
11379,0.24606955252918286,0.24770432997212966,2056,6
11385,0.253,0.2348205145172959,110,1
11391,0.235,0.2651356661730658,208,1
11400,0.2665936842105263,0.26275024150201104,950,4
11442,0.22413613707165106,0.21097297024836612,3210,9
11445,0.2508383430159131,0.24008881636988452,3959,9
11470,0.23772889610389616,0.2652134259836129,1232,5
11472,0.22917149758454108,0.2611379581004488,414,2
11476,0.2713634077334171,0.25893171718634855,3181,7
11477,0.28722311926605504,0.27955439600194426,5450,10
11489,0.2360670373802904,0.232719074942328,3237,8
11493,0.27931083026715725,0.25477801398534755,6251,10
11494,0.17817842323651453,0.2268320701883066,241,2
11579,0.28370907791279487,0.27364248353188764,5596,10
11602,0.24448414738646101,0.25748781064604037,2334,5
11609,0.25770501077586205,0.24868916266553498,3712,9
11611,0.2243895486935867,0.27008713791439387,421,2
11615,0.24802711157455684,0.23808032497877224,2877,6
11624,0.24193597560975608,0.2155085272929144,328,2
11680,0.2524302707136998,0.2503702459371557,2438,7
11737,0.27512265787647466,0.2684744166828165,5764,10
11738,0.236,0.2164737548869569,384,1
11739,0.2723424022571544,0.2551446351612367,4962,10
11761,0.20316666666666666,0.19486525028869808,246,2
11763,0.179,0.2389597174834402,112,1
11773,0.296,0.2453587341924613,169,1
11846,0.2294021937842779,0.23155741705343083,1641,5
11850,0.21318120805369128,0.21813286894085876,447,2
11854,0.255,0.2233955531107663,100,1
11859,0.293,0.2759949158067343,132,1
11863,0.173,0.2361155989268507,160,1
11875,0.22058800000000003,0.23694499588554988,500,2
11894,0.233,0.2512309574944134,153,1
11899,0.24114412936489338,0.23489119435148278,4267,10
11902,0.2801054657428791,0.27956715273053223,1299,5
11936,0.2596283783783784,0.2781186726001981,2812,7
11982,0.23868775739423437,0.22822964752574074,2671,7
11997,0.23464985163204746,0.22930735795188723,674,2
12005,0.24872283813747226,0.25452031426655536,451,3
12037,0.2575368078175896,0.2631008112804992,1535,5
12092,0.2316634877384196,0.24784569145835433,1468,4
12101,0.24265920000000002,0.21423225210241267,625,3
12144,0.23752403393025448,0.24401938149340952,4244,9
12147,0.23460116492949112,0.2569136703847738,3262,9
12155,0.26147918104439843,0.2579281660461311,4347,10
12158,0.22545027455765712,0.23287134352333125,1639,8
12160,0.25419683573755236,0.2529779840362907,2149,6
12161,0.29416005448663374,0.26090749916051653,5873,10
12164,0.2377464131994261,0.20873135385054675,2788,7
12174,0.2432947976878613,0.24183757009506174,692,2
12179,0.24593968705547656,0.25098730484250387,3515,8
12180,0.2576136502132846,0.24973597474573345,1641,6
12225,0.24787047465808534,0.2542188581303834,1243,3
12282,0.22670801098078364,0.22415782071592633,4007,9
12284,0.2613721804511278,0.2727481276624593,798,4
12294,0.25576703645007925,0.2584135311293364,1262,4
12325,0.2309157175398633,0.25250682609192227,2634,8
12371,0.27106675567423233,0.2718704227532707,1498,7
12399,0.198,0.23560268785178207,280,1
12409,0.23065714285714287,0.22484020491411286,560,3
12434,0.25688279543800047,0.2624743583252306,4121,9
12495,0.304125,0.2737386517740245,344,2
12508,0.2218854415274463,0.2386350542905323,419,2
12510,0.22269296210363496,0.21530079082419415,1293,7
12532,0.25914202745512144,0.2655323629119599,3788,9
12533,0.25632753903106387,0.2519838426134514,6213,10
12546,0.26085179240235423,0.23800338470237742,3738,8
12547,0.24142514970059883,0.232022726608129,835,3
12552,0.2486847005093975,0.22876531192402688,5693,10
12564,0.2650717288491855,0.23693671598002541,3806,9
12590,0.162,0.2265186448611637,169,1
12606,0.176,0.2060061105875803,117,1
12649,0.26023092998955066,0.25762933248457576,957,4
12701,0.2719165727170237,0.27489596301182206,887,2
12723,0.23370777988614802,0.23369779617662717,527,3
12775,0.23532413539367186,0.2394703796876824,2718,8
12797,0.223,0.2321309584812532,103,1
12856,0.264399706098457,0.25917789846257944,5444,10
12858,0.2427424130273871,0.23491555599164918,1351,5
12859,0.24086373292867988,0.242346339658261,3295,10
12861,0.28031584283903677,0.25630184505710957,3945,10
12907,0.2420567400275103,0.2460569700059783,2908,7
12916,0.27384254414650094,0.26771183985231284,6116,10
12926,0.2386654411764706,0.23751706787794966,544,2
12927,0.26100550509221027,0.25199353316318995,3633,8
12937,0.2459341894060996,0.26525804483869314,623,3
12950,0.206,0.2369665965719928,247,1
12956,0.238,0.2224307989548721,119,1
12976,0.187992,0.2107751239669634,2250,8
12977,0.14518181818181816,0.193905077259856,363,2
12979,0.25478385178408053,0.24679967129817584,4372,9
12981,0.2013734939759036,0.219428968150625,415,3
12983,0.2442338129496403,0.2576773611500229,278,2
12984,0.22936400873839433,0.24341622783973443,3662,9
13005,0.26529694323144104,0.28506455829347727,687,4
13051,0.321,0.2593612587540433,360,1
13066,0.26248884758364316,0.23813280112718074,3766,8
13075,0.2824517437145175,0.28657035901024613,1233,3
13110,0.2849864466705952,0.24302430130689415,1697,4
13130,0.24175425531914896,0.22320275635414355,940,4
13132,0.21800000000000003,0.22081941501891142,148,1
13145,0.25829096411586683,0.2580276102848609,4626,9
13151,0.239,0.2555258813484654,128,1
13152,0.26205857214680744,0.25133584767252376,3978,9
13153,0.2273112582781457,0.2341737251549365,302,2
13154,0.25,0.2702854092998565,155,1
13157,0.23111983471074382,0.24101799609802366,484,2
13167,0.151,0.188908187544745,117,1
13176,0.25594767441860466,0.24318892528667502,516,2
13180,0.19200000000000003,0.2415743064206407,234,1
13185,0.24286270871985155,0.2500476899919228,3234,8
13265,0.20007121535181238,0.18219060816117597,2345,8
13277,0.24659202453987727,0.2314441150713537,978,4
13300,0.232,0.2441527331097387,143,1
13301,0.22790645879732735,0.23336916702886268,3592,9
13324,0.25612035225048924,0.27438911831475205,1022,4
13325,0.211,0.24027626101098412,188,1
13329,0.23746446700507615,0.24001391583293566,2364,7
13338,0.2547456258411844,0.25533459371889483,2229,8
13355,0.20739034716342084,0.2113372657779223,1181,7
13356,0.215,0.2330883541669761,197,1
13359,0.2658543195934501,0.2526096918523423,1771,6
13367,0.2552819414703783,0.2583252235693905,2802,8
13369,0.24375956937799045,0.26701896281948995,836,5
13414,0.29378801843317975,0.268359909649215,217,2
13419,0.2526376537369915,0.24276906730346198,3171,6
13473,0.241,0.2543650375608323,392,1
13499,0.2463699346405229,0.2055272943607809,765,3
13510,0.27947382018601447,0.2649551435998779,5806,10
13546,0.23064041994750656,0.23814634530186068,381,3
13590,0.2616569369369369,0.26200614436285674,2775,8
13593,0.2664212746016869,0.2761979169762047,2134,6
13595,0.197,0.268766201188659,135,1
13602,0.2085393501805054,0.18354130454857642,1385,4
13608,0.2593752333540759,0.27600982641635075,1607,4
13611,0.2940485148514852,0.26837566911600214,6060,10
13613,0.28059082892416226,0.2688853612526212,4536,10
13620,0.23003470975463797,0.23780741678875908,1671,6
13621,0.24049296987087515,0.23867647063476272,3485,8
13624,0.2905511031067087,0.2828385615913141,4442,10
13633,0.221568356374808,0.23100720432829674,651,3
13675,0.2402879746835443,0.23535129539438068,1264,4
13723,0.23694189424753054,0.23646370885225865,1721,6
13744,0.2800736196319018,0.2604623995070298,1141,4
13755,0.21758970976253297,0.25955762131269483,758,4
13757,0.24928531390134528,0.24821875806420285,3568,9
13768,0.24666643209007744,0.26749063758848385,1421,5
13769,0.2518514376996805,0.2425274179381342,1252,5
13770,0.2589500860585197,0.2534201037727981,1162,6
13777,0.2668601694915254,0.2706131370136136,944,3
13788,0.2408258706467662,0.23141574729049932,402,2
13807,0.2275976065818998,0.23375912238966412,1337,7
13809,0.23,0.2427626194073105,114,1
13836,0.2771907444668008,0.27633779309377804,2485,7
13853,0.26254899387576547,0.2707030758256646,2286,7
13862,0.2736313253012048,0.2592402206136739,1245,4
13866,0.2501242937853107,0.2377011701148448,354,2
13895,0.237,0.23553958932985103,184,1
13897,0.21700000000000003,0.2665834511827087,174,1
13910,0.20799999999999996,0.22070332112354143,204,1
14103,0.21286895810955964,0.2379689399022171,931,4
14106,0.2415334538878843,0.24299054109231027,2212,5
14109,0.26613711272247853,0.26979845959565746,1517,5
14111,0.23030048780487805,0.22180179074871825,1025,3
14128,0.19567061962644527,0.1980721444141712,3373,9
14130,0.22145528898582334,0.222827766950238,1834,6
14131,0.21342488619119876,0.21245771275197878,659,3
14137,0.25268100358422935,0.26126981567044594,279,2
14140,0.20978030303030304,0.22824199883846594,264,2
14145,0.23090854392298435,0.233333541455211,831,3
14158,0.1945478723404255,0.23356554124406778,376,3
14161,0.24723229054297016,0.22386426516312255,2781,9
14162,0.275222268907563,0.2561020688075789,4760,10
14196,0.19599999999999998,0.22133664599359956,349,1
14221,0.24130481012658228,0.22583883834355956,3950,10
14225,0.2637517361111111,0.25484987997987285,2304,5
14274,0.2499617999352541,0.23053690539710894,3089,8
14320,0.2528157676348548,0.26621228588633933,1205,4
14329,0.233,0.2012186546829932,148,1
14330,0.2551317829457364,0.2539333786348463,903,3
14335,0.211,0.2258596909402229,103,1
14344,0.2555424071991001,0.23671093722370506,4445,8
14350,0.27485298621745796,0.2813584706871914,1959,6
14352,0.2031723484848485,0.23207299098235795,1056,4
14366,0.2733371900826446,0.24850043663049984,1210,3
14387,0.2863642039542144,0.2727852612773059,1922,5
14388,0.2284716459197787,0.24114063935637145,723,2
14477,0.23600831202046033,0.2497410139998336,1564,7
14503,0.24980483271375467,0.22006390459764408,1076,3
14523,0.23380104257167683,0.23336039489998459,1151,4
14551,0.24509046692607006,0.22554915246466434,3084,7
14553,0.2559122676579926,0.25201309339380534,2690,7
14556,0.2,0.2079313552733735,140,1
14558,0.225,0.2143495631317147,135,1
14566,0.2510799801291605,0.2312896285451354,2013,5
14567,0.2166849557522124,0.23803662453428928,565,3
14593,0.2305991416309013,0.23971814618189788,1165,5
14691,0.27544616467276567,0.27781927438593507,1421,4
14712,0.2536154090044388,0.2600367193793025,3154,8
14713,0.23669151670951158,0.27481671760655174,389,2
14735,0.18078463855421686,0.1955719709263616,664,3
14738,0.26174358974358974,0.2592822383212794,507,2
14773,0.20776130198915008,0.2168378995337111,553,3
14811,0.2542225244831338,0.24624392708431436,1838,6
14813,0.24966354166666668,0.2531977720258722,1920,5
14818,0.21242330762639244,0.23140025938959286,1167,5
14854,0.23845951181712516,0.22422451692111803,2581,6
14885,0.2227786561264822,0.22615692978550916,759,4
14894,0.23833803457688812,0.2653070911155248,2198,7
14897,0.24,0.20363609898232252,449,1
14936,0.266,0.2500917692033922,162,1
14942,0.20765040650406505,0.2257022538674328,738,4
14950,0.25859046177138534,0.24947347982395537,1321,5
14968,0.24029421673217297,0.24761075148980172,1781,7
15048,0.222,0.21491430859412833,233,1
15055,0.189,0.1889115036479517,263,1
15082,0.21984588804422944,0.21536359120409818,1447,5
15103,0.282,0.2245211617966228,135,1
15104,0.18528502415458936,0.22197874427304123,207,2
15112,0.24357899382171225,0.24758896774669734,3399,7
15117,0.2406000907852928,0.24049936376616524,2203,5
15124,0.22310344827586207,0.24433617592660548,406,2
15149,0.26198811998812,0.2494082996448603,3367,6
15161,0.2395327102803738,0.2093528148929287,1926,6
15170,0.21423097112860892,0.2363177859706856,762,3
15172,0.27752803161274386,0.2701139469405286,4049,9
15181,0.221,0.2032904205028388,247,1
15191,0.24257389162561577,0.23729013166701182,1624,5
15194,0.2082677752293578,0.22333583164691684,1744,5
15197,0.24124420677361852,0.2355438937129926,561,2
15214,0.23204411764705882,0.23183461488301607,544,2
15223,0.26348207696362674,0.2833573497569329,3794,9
15271,0.22764766839378242,0.2299866939577776,579,4
15274,0.24557227575982207,0.25853978395198596,1349,5
15279,0.264329360780065,0.247629357627824,1846,6
15343,0.237,0.2726673234117434,107,1
15351,0.2745952813067151,0.2503062925847368,551,2
15362,0.2890576131687243,0.27932901958493195,3159,7
15402,0.218,0.2090448230605078,290,1
15429,0.27388068307828783,0.24913239811226248,4509,10
15447,0.2612439024390244,0.22980374348669197,1599,4
15450,0.21673640167364017,0.25416032641520975,239,2
15464,0.23609919867366674,0.21533192632983153,3619,8
15482,0.21476170212765955,0.20106176297121423,705,3
15487,0.26444609375,0.27915604253111026,1280,5
15490,0.16,0.23610402015001972,137,1
15491,0.24581176470588234,0.2509753817704301,3145,7
15518,0.27319741448963103,0.2724831076791756,3713,8
15564,0.2314848484848485,0.22280759299927413,792,3
15585,0.23115275310834815,0.20347543171887683,563,3
15608,0.2515428571428571,0.27418339033563327,420,2
15640,0.2906762062440871,0.25454447428676336,4228,8
15653,0.24633848190644306,0.2476228663983899,2266,8
15654,0.21470526315789473,0.22554744192065682,855,4
15670,0.233,0.235691512205711,230,1
15672,0.2589724880382775,0.24432736869557253,1672,5
15674,0.2583604166666667,0.23933639939338533,960,5
15676,0.2792138263665595,0.25712475669134455,5598,10
15679,0.2313543906810036,0.2321445234683538,2232,6
15694,0.20035387673956262,0.2114899584718031,503,3
15711,0.24615267899478424,0.2233160669075196,2109,7
15722,0.20800000000000002,0.2225989834034689,227,1
15730,0.225341211225997,0.24577160612197443,677,5
15767,0.18232067510548522,0.20480791606464122,237,2
15794,0.28172985781990517,0.28109289600414566,844,3
15878,0.2809967400162999,0.2562731250516452,1227,4
15905,0.22340836408364084,0.2383080324998756,813,4
15937,0.2622979591836735,0.25403729943041303,2450,7
15941,0.24828929765886287,0.24405468062937757,1196,5
15958,0.225,0.227899155263482,186,1
15982,0.173,0.1859322633411113,164,1
15983,0.23727415143603134,0.21971673909377976,766,4
15986,0.2478157894736842,0.23318873598145254,3610,7
15998,0.25932546251217137,0.25073626919542585,4108,8
16041,0.22500000000000003,0.2119054110455952,361,1
16153,0.2515058892815077,0.25860700658035524,1698,8
16192,0.19845945945945948,0.23257950233463653,333,2
16219,0.2582921890067502,0.2501525322447412,2074,7
16221,0.218748627881449,0.2259758525625429,911,4
16246,0.164,0.1753972509667551,141,1
16252,0.2966292910826731,0.26982622184780247,4923,9
16263,0.21500000000000002,0.2281238948197131,157,1
16271,0.234,0.21958436935733783,147,1
16313,0.2728058823529412,0.2804085086245468,510,2
16337,0.25135010706638117,0.26751284175866696,934,3
16357,0.2484385964912281,0.2379631975884166,342,2
16375,0.24701179245283023,0.26288612341139184,848,3
16376,0.25073895378364647,0.2431903251633311,3938,9
16403,0.250365306122449,0.23399689145276362,980,4
16411,0.293,0.2636397395437631,108,1
16417,0.21201461377870565,0.2297710525289362,479,2
16424,0.21651201011378005,0.21825708659472456,791,4
16426,0.25442108585858586,0.24810067629762259,1584,4
16429,0.208,0.2129534427199603,154,1
16434,0.254,0.26016555524318136,822,4
16442,0.2436642524573202,0.24465561233428576,1933,7
16451,0.24813283208020054,0.26830418843195286,798,4
16472,0.23785916322922804,0.22057358166484697,3394,7
16478,0.2299205155746509,0.21486747796403818,4655,9
16505,0.24125242030696578,0.21124221503625198,4235,8
16512,0.2620666437650292,0.27067268811352707,2911,7
16530,0.26048795180722895,0.26852036432864407,1660,6
16535,0.21854070851460536,0.22240632748797765,1609,6
16542,0.21589928057553956,0.22799071945611102,417,3
16556,0.27000630914826496,0.27043287007090644,3804,8
16572,0.2443888888888889,0.2384123309796022,1566,4
16578,0.28856217783505156,0.27012272609918236,3104,8
16622,0.23223453152622275,0.23064482945801126,1697,6
16623,0.23250367107195302,0.25557243974019206,681,3
16686,0.265,0.2426783877748593,111,1
16725,0.23484361792054104,0.24735709131040076,1183,5
16852,0.233,0.2454656835971818,143,1
16885,0.24655813953488373,0.2266632012604189,387,2
16909,0.26414864048338366,0.25643725169765963,1655,5
16925,0.213,0.2219006798662595,115,1
16930,0.22888708743485814,0.23863314936497637,1727,4
16939,0.24827893175074184,0.22213554531293844,2022,4
16947,0.24938509316770183,0.2509676456364936,322,2
16997,0.26489654233596516,0.2550102131857413,3673,7
17016,0.253,0.250483619589679,289,1
17022,0.25430642201834863,0.25904923548946274,1090,4
17023,0.21362204724409448,0.25259785690533626,381,2
17027,0.2728585858585858,0.26749716112660626,3069,6
17040,0.20746927374301677,0.22206121921207175,358,3
17062,0.2078,0.21866641556717212,340,2
17098,0.224,0.24719229446615162,203,1
17109,0.211,0.2159105799167646,148,1
17128,0.24684657883552913,0.2395526555138371,2353,7
17161,0.197,0.20702968293920626,172,1
17171,0.26759110350727117,0.26224313815543254,1169,3
17182,0.25405479452054797,0.24471122155023103,1022,3
17232,0.25375203119922,0.23682132657951313,3077,7
17273,0.2253830769230769,0.24243302647690362,1300,4
17276,0.12940196078431374,0.16509530086677923,306,2
17278,0.208,0.2176647725249196,279,1
17321,0.2374587155963303,0.2209967226420201,1090,4
17326,0.21712068965517245,0.2347692514022097,406,3
17338,0.24793539325842698,0.25605952251637604,2136,6
17350,0.27922657176749704,0.2597698813560962,4215,8
17423,0.271,0.246073757148641,262,1
17452,0.20563676341248902,0.2116118972889648,1137,3
17468,0.23199999999999998,0.23545666233641152,295,1
17484,0.26882314205079966,0.248165581542533,2126,6
17548,0.25387794533459,0.24287248629475058,2122,6
17620,0.24592021276595746,0.2608871163379423,1880,4
17642,0.22940529247910865,0.2493824761840237,718,3
17678,0.2725442880794702,0.2553926388700425,4832,9
17684,0.22,0.2589046919523952,253,1
17696,0.264043661971831,0.27651333238571124,2130,6
17710,0.2673306772908367,0.2618767903620274,502,2
17714,0.23300000000000004,0.2423939469308945,416,1
17719,0.2477301369863014,0.24359348130432684,730,3
17723,0.198,0.2152360823663085,116,1
17736,0.2148478260869565,0.23540817567519673,414,2
17750,0.288,0.2672760943730403,134,1
17766,0.21005467928496319,0.207419575171102,951,5
17838,0.24515322580645163,0.24571279701408164,1240,6
17893,0.20097731239092495,0.23143227267679845,573,3
17901,0.2721015514809591,0.2670628610285172,4254,8
17907,0.2697481181239143,0.25976404014111737,1727,4
17919,0.24790200739566823,0.24184261594201267,3786,8
17922,0.18458995815899581,0.21855013509393198,478,2
17929,0.2566843100189036,0.23536494357724827,2645,6
17932,0.229,0.22895419064946126,213,1
17954,0.2108056338028169,0.21970411508412097,710,4
17975,0.23294223826714802,0.2431487250117303,1108,3
17982,0.26351933309684283,0.2567767024306419,2819,6
17988,0.2670686456400742,0.24864274815060153,1617,4
17992,0.2782213154104657,0.2832814841781922,2083,5
18015,0.22818165249088698,0.22366378295375516,3292,8
18027,0.195,0.21957597019941863,150,1
18030,0.24152670199755402,0.23201143631456075,2453,7
18036,0.24726288468668894,0.25248273242763375,2697,5
18042,0.20654556283502082,0.20378344321041322,1679,6
18054,0.2549514563106796,0.26221454160201774,309,2
18063,0.23260223048327142,0.21473824760225296,269,2
18067,0.2220623556581986,0.21258808334890547,433,3
18126,0.24837242268041237,0.24107830162918628,1552,4
18136,0.139,0.2241159988805644,133,1
18171,0.22540487804878048,0.22279334617154836,1640,4
18288,0.22343086816720256,0.2510871271432471,311,2
18289,0.2510807581376185,0.24954038827329222,2427,6
18314,0.25152035513209187,0.24952146581561782,4618,9
18345,0.27873479520066197,0.2707278343029998,2417,5
18353,0.1977076411960133,0.22232511812586608,301,2
18360,0.27189677843524,0.24526340926565365,3042,6
18363,0.24624513230154768,0.2472632992670047,2003,6
18365,0.18425827814569537,0.19160613584606856,302,2
18373,0.26496410034602075,0.25264788103443636,2312,5
18400,0.26728298279158696,0.23286577254895333,523,2
18401,0.28895021511985247,0.2656581361683993,3254,7
18433,0.229,0.2329265090873298,229,1
18497,0.191,0.2021513574128464,244,1
18564,0.2129222222222222,0.2174620561951285,2250,6
18568,0.32256298110566833,0.30559355687684703,2858,6
18577,0.25197389451251995,0.25756136573056726,1877,4
18607,0.24212114014251784,0.22464978758455184,1263,4
18718,0.2729931623931624,0.2631853437128307,585,2
18721,0.23527002762430937,0.24584586591633223,1448,5
18722,0.253,0.2465570781093343,317,1
18795,0.2600431154381085,0.24382850795588448,1438,4
18819,0.25624537487828625,0.24523294863608514,1027,4
18821,0.24866037735849056,0.2753939898031178,318,2
18839,0.262140770252324,0.259229287507756,2259,6
18882,0.24503768947152804,0.2454741364612872,2441,7
18887,0.21391434262948208,0.21283262391333618,502,3
18889,0.23223583180987203,0.23930858539152186,547,4
18900,0.239649454962708,0.2496270997232673,1743,5
19151,0.173,0.2167599178033283,111,1
19181,0.19097959183673469,0.21231888042387562,441,3
19197,0.2582569721115538,0.2503160697717842,2510,6
19198,0.28121546505228395,0.2670889207066282,3634,8
19238,0.2789910269192423,0.2603575964999412,3009,7
19251,0.24882284446908792,0.23053008143247994,3607,6
19252,0.22518338727076592,0.22805443613867388,1854,6
19254,0.267,0.2993694421469517,123,1
19260,0.2533100470957614,0.2596305947366067,1274,4
19262,0.23908343057176198,0.2350367130952676,1714,6
19273,0.269,0.2502057850873507,271,1
19287,0.24055102040816326,0.2316082088889478,2548,4
19290,0.2521203449627597,0.2306428700705163,2551,4
19293,0.23421028938906752,0.2504579932033709,1555,5
19294,0.2567246871444824,0.2491921057831446,879,3
19296,0.23075549048316252,0.22905541937448548,683,3
19318,0.2104200913242009,0.22781722837877058,657,3
19326,0.2765499103407053,0.26994249665020975,3346,6
19331,0.208,0.2203463549994065,184,1
19334,0.2708766233766234,0.27582422046030663,616,2
19339,0.24778303495311166,0.2813288336282588,2346,6
19346,0.18498516320474778,0.2022954151367745,337,2
19348,0.197,0.1945169089136968,240,1
19352,0.23305888538380654,0.23238677340846278,1902,5
19354,0.24582926829268292,0.22102769537429076,861,2
19363,0.2608833494675702,0.23898135230584724,2066,5
19392,0.21943999999999997,0.24502178156191992,1200,4
19422,0.203,0.2408601151977512,205,1
19432,0.217,0.2726989251099572,166,1
19452,0.20209717868338556,0.20436493960393656,957,4
19455,0.2431531728665208,0.24566920914255252,457,2
19458,0.176,0.2066029550338571,201,1
19470,0.263011249030256,0.26903848986083584,2578,6
19508,0.25595372750642675,0.2470974268498126,389,2
19514,0.2131655076495132,0.2268945353809502,719,3
19521,0.20900000000000002,0.19734580700449827,104,1
19522,0.25464069264069267,0.2443699209067294,1155,3
19533,0.245,0.2197844954782563,108,1
19556,0.29850206844678456,0.26010777935375456,2659,5
19562,0.1774736842105263,0.1909811675829415,437,2
19566,0.2725457194899818,0.2528225803325638,2745,5
19599,0.25020882150241214,0.24167494534113518,1451,4
19600,0.25252030735455544,0.2506805638382035,1822,4
19608,0.27,0.2813376024416918,434,1
19610,0.24720810810810812,0.25868948268169584,1480,3
19611,0.2879025423728814,0.2717110729594157,3540,6
19612,0.2896831831831832,0.27596927510576913,2664,6
19627,0.26024464153732446,0.2278564497772426,1353,3
19635,0.214,0.2559617185616192,293,1
19683,0.23602760084925692,0.21121380937233158,471,3
19698,0.25396173733195454,0.24980436088436264,967,5
19709,0.27898932384341635,0.2618009899329701,2248,5
19717,0.25,0.2132482306553601,142,1
19734,0.24929466470876163,0.25119458305901105,2043,5
19755,0.2815496946141033,0.26568273702051926,3602,7
19779,0.258,0.24444699215122911,270,2
19788,0.252,0.2107831141561794,160,1
19806,0.2330734463276836,0.23145294886220677,354,2
19813,0.263,0.2076157982877782,169,1
19818,0.239,0.2551232299990331,264,1
19844,0.22191109074243814,0.23653495820923545,1091,3
19858,0.2522619775739042,0.2586257633329852,1962,6
19859,0.252,0.21381676916534406,105,1
19864,0.2241101243339254,0.2164717065237463,563,4
19878,0.266,0.2707099045578927,242,1
19890,0.2429936440677966,0.2524250348785556,944,3
19892,0.2417044701986755,0.23665804754955794,1208,4
19896,0.259623595505618,0.23225972062172928,890,2
19901,0.23021269177126918,0.22196323170192797,1434,4
19906,0.206,0.221951197667108,283,1
19913,0.2435962165688193,0.24699555083493047,1533,4
19918,0.22487334593572778,0.22079131981949615,2116,5
19921,0.23358139534883718,0.2183823821605519,602,2
19928,0.22071062992125984,0.22828408153116492,508,3
19931,0.23998360655737705,0.2197499272771797,244,2
19948,0.1800451467268623,0.21873916498978982,443,2
19950,0.26073417132216015,0.26162747149137927,2148,5
19953,0.2608812154696133,0.2442534994751892,1086,3
19955,0.25723300970873786,0.2566211058052692,1339,3
19956,0.2356647127784291,0.21613462263356306,853,3
19958,0.20535579514824798,0.24639413208848757,371,2
19960,0.17427796610169494,0.18590479933304146,295,2
19966,0.22905086848635237,0.21754229730115668,806,2
19977,0.264,0.267810331647299,107,1
19997,0.2653986975397974,0.2654879758481817,1382,4
20003,0.23728287606433301,0.23188099537316847,1057,4
20017,0.2214627450980392,0.26993397812069886,255,2
20036,0.23349382716049383,0.2231360827628722,1701,4
20043,0.26702829218107,0.24798683011585798,1944,5
20054,0.177,0.231948961814277,123,1
20056,0.24584943181818183,0.2447327568747111,352,2
20078,0.16512418300653595,0.17026393596379413,306,2
20123,0.2848131115459882,0.2681985085082122,4088,7
20126,0.23760137457044672,0.24612357578295263,1746,5
20157,0.258,0.2288531369348187,139,1
20178,0.17528650646950092,0.21983965986171974,541,2
20202,0.25659257040143796,0.2355099684792463,1669,4
20220,0.21119940476190477,0.21042352658873315,1008,4
20233,0.238,0.2619151740218853,347,1
20242,0.18245791245791246,0.19435251570990894,297,2
20287,0.228,0.2246889623916342,328,1
20308,0.22808326253186068,0.23093308522997186,1177,4
20311,0.233556640625,0.23696456428081886,512,2
20321,0.22642976588628763,0.22630462648509306,598,3
20325,0.24761199095022626,0.25112752218079337,884,4
20332,0.254,0.2430382373497018,350,1
20352,0.23892015706806286,0.26398602567292234,764,3
20391,0.27011900733220534,0.2757485869609181,1773,5
20437,0.2652056737588653,0.2263303222863487,564,2
20454,0.25209817351598174,0.23697605137749242,1752,4
20493,0.189,0.2514597009602335,126,1
20503,0.2764349000540248,0.2518741329851116,1851,4
20505,0.23093273542600895,0.22896772132479112,446,2
20521,0.2798215130023641,0.2914887295414923,846,4
20529,0.2681650485436893,0.236194176842711,721,2
20536,0.20027727272727272,0.23542636237340134,440,2
20538,0.2663082706766917,0.2514789148190639,1064,3
20543,0.2277956698240866,0.2171124319722919,739,3
20572,0.19932911392405064,0.20888467549364625,395,3
20599,0.301,0.2826363951970306,259,1
20926,0.207,0.1651534395318878,125,1
20970,0.26973665480427045,0.26266197896095494,562,2
21127,0.262,0.2872006061442934,156,1
21270,0.18700000000000003,0.2147370877839851,108,1
21386,0.143,0.2016580621492794,103,1
21454,0.2457251631617114,0.24844864173371256,1379,4
21479,0.2774444444444445,0.27936569002342926,2142,5
21501,0.2355526075022873,0.2282638917822596,1093,4
21523,0.25319120287253144,0.24537841359612012,2228,4
21524,0.23853508771929827,0.2038399736315875,684,3
21534,0.21839375,0.2077970153749473,1760,4
21538,0.21952895322939867,0.2254975249195733,898,3
21558,0.25575722145804675,0.24909003628608786,1454,3
21560,0.2332,0.23841607490193986,410,2
21562,0.25660923076923076,0.241755902462097,325,2
21614,0.22746509341199606,0.2354904546054116,1017,3
21618,0.2771423312883436,0.27278733160807145,2445,5
21622,0.2731033591731266,0.27379698886299086,1161,3
21635,0.1986438679245283,0.22926512263846666,424,2
21636,0.26102931596091206,0.2621174389996267,1842,3
21693,0.22658959537572257,0.24462678860660828,519,2
21707,0.23263482466747276,0.23673439251656725,827,3
21711,0.24922291666666666,0.22582137393531593,960,2
21716,0.2348279569892473,0.21306489237968285,372,2
21780,0.254,0.2597982140769247,497,1
21797,0.215,0.2235951265675486,132,1
21837,0.23232520325203251,0.21750949710602815,246,2
21840,0.27489718076285247,0.2525193951262707,603,2
21853,0.22737935843793586,0.21639843958893296,717,2
21865,0.21437641357027465,0.20189541646875883,619,2
21871,0.248,0.2522229509413153,119,1
21897,0.22224846416382252,0.22161940922657297,1465,3
21987,0.22245318352059923,0.21700981825869448,534,2
22054,0.263,0.22164567916822467,108,1
22117,0.21542314990512335,0.18611894500415585,527,2
22168,0.23310162991371045,0.2328982147350757,1043,3
22169,0.226,0.2565681384802284,232,1
22184,0.24734643377001458,0.22429271633127368,687,2
22186,0.23888472352389878,0.26300287961462127,1067,2
22197,0.22070195337114054,0.23553257507829145,1587,3
22209,0.24,0.2391251462702059,132,1
22217,0.26084355179704016,0.26338647505044505,473,2
22244,0.20724767540152156,0.20357153197387604,1183,3
22261,0.265,0.20025492966325148,181,1
22263,0.2220932994062765,0.21036268737296993,1179,3
22266,0.328,0.2890895819870741,303,1
22275,0.25,0.22024520005975093,1302,3
22277,0.20863947368421054,0.2416630508290272,760,3
22458,0.1878946098149638,0.2262702830507857,1243,4
22514,0.2558241610738255,0.22750560934140368,745,2
22515,0.269,0.2428985998380688,518,1
22532,0.2190617059891107,0.254265243237415,551,2
22542,0.25065689655172413,0.2426955029836583,580,2
22557,0.228,0.2373611727759226,334,1
22558,0.2127371749824315,0.22584267692936053,1423,4
22563,0.21381818181818182,0.23965445953457243,506,2
22581,0.26208127438231466,0.27226170699455204,1538,4
22650,0.221,0.2395410726332558,293,1
22664,0.27535704514363885,0.26937619448327466,731,2
22715,0.24950569675723053,0.2695630469622676,1141,2
22799,0.23513665943600864,0.2413091260927995,1383,3
22823,0.191,0.2249591918575305,191,1
22857,0.242,0.2435636989079811,425,1
22871,0.22096221662468515,0.236086499846248,397,2
22896,0.23708302583025828,0.24444319047173776,542,2
23003,0.2925652610441767,0.27391359558475525,996,2
23312,0.21214851485148517,0.2201290143338989,606,2
23359,0.21186178861788615,0.21541220197648678,615,3
23378,0.18244582043343655,0.19447590820581215,323,2
23401,0.2247981651376147,0.22643002125590955,763,2
23565,0.21114285714285713,0.21325115636820718,595,2
23667,0.28168241469816274,0.2919953846543629,1143,3
23690,0.206,0.2454346592959722,442,1
23691,0.267,0.2547962399392561,168,1
23695,0.151,0.233548994216075,103,1
23697,0.2770211976682565,0.25257951642057164,1887,3
23698,0.248,0.2592441052991653,108,1
23733,0.2576207627118644,0.23162615662665878,944,3
23772,0.253,0.2180699840617036,447,1
23782,0.229,0.2230058729105841,210,1
23789,0.247,0.2310797802511472,185,1
23792,0.22583842794759826,0.26971564558608435,916,3
23800,0.2400722347629797,0.2322491160486293,443,2
23818,0.231,0.2570337275378039,371,1
23986,0.238,0.2440118805655342,132,1
24064,0.26148854961832063,0.24859568384537495,1310,2
24257,0.218,0.179244669608503,198,1
24262,0.24600000000000002,0.24706786496323577,571,1
24273,0.23699999999999996,0.2245615780834913,213,1
24336,0.2613605313092979,0.23627458915978414,527,2
24400,0.258,0.2856996507855051,103,1
24488,0.22,0.2304282497728127,459,1
24589,0.23164510166358596,0.2552920483273549,541,3
24598,0.197,0.22794995417743977,225,1
24610,0.28493037974683544,0.2836756195873656,1896,3
24617,0.2720865921787709,0.2536999004520836,1432,4
24618,0.22945447705041383,0.21677372452156232,1329,4
24655,0.24074696356275305,0.24785042174063998,988,3
24679,0.2804346076458753,0.27360401044439797,1491,3
24703,0.23228318584070798,0.22624375629496235,565,3
24729,0.24179195561719832,0.23227851774979677,721,2
24770,0.226207468879668,0.22353364536903145,723,2
24782,0.19349221183800622,0.2144034318121734,321,2
24816,0.248,0.2340231491187905,443,1
24934,0.2574059405940594,0.2414751978877344,505,2
25055,0.264,0.2402800565595838,122,1
25180,0.218,0.2294731401879618,221,1
25332,0.22,0.2345275734365078,204,1
25353,0.218,0.2140318402735802,124,1
25459,0.20699999999999996,0.20339245787372243,102,1
25479,0.23624081237911027,0.2419046937899927,1034,2
25493,0.239,0.2290442856158206,511,1
25505,0.239,0.2182862984192517,100,1
25543,0.21,0.2223878176291051,394,1
25569,0.22600000000000003,0.2562406018185219,175,1
25575,0.236,0.2013707665682441,157,1
25621,0.202,0.2432787321974335,108,1
25660,0.26512623762376236,0.27866488010760343,808,2
25690,0.202,0.2046879603922759,130,1
25764,0.2886781326781327,0.2633347019603401,2035,3
25768,0.24559552042160734,0.2557837419204648,1518,3
25782,0.238,0.22831853581460687,218,1
25805,0.23499999999999996,0.20765288877356014,344,1
25807,0.2421648854961832,0.23452636275211072,655,2
25816,0.21531011045029733,0.2077205843232653,1177,3
25845,0.20621917808219176,0.23197077553814408,730,3
25878,0.25743005540166203,0.2540279205043007,1444,3
25931,0.28481655172413795,0.2722657485242669,1450,3
25961,0.27666129032258063,0.23296685895930447,868,3
25976,0.26697461212976026,0.24889424972490154,1418,3
26031,0.24835555555555555,0.26102677267465846,270,2
26121,0.22151764705882354,0.21696697893617967,765,2
26123,0.21719107142857144,0.2315229501049377,560,2
26149,0.23425072886297377,0.2263657271943881,343,2
26151,0.20800000000000002,0.2097315185781298,209,1
26197,0.2531284322409212,0.2392128760914457,2258,4
26208,0.28,0.2187005652470363,341,1
26224,0.192,0.2269192461434721,135,1
26288,0.2613810584958217,0.2560272113148765,1795,3
26289,0.2680495587236931,0.2571956211905381,1473,3
26294,0.2553005366726297,0.25919710888319575,1677,3
26295,0.22100000000000003,0.2155542953530416,104,1
26299,0.25767701863354037,0.23825502808636032,805,3
26319,0.24799999999999997,0.2179684930456671,567,1
26323,0.24534849545136458,0.23643144446565464,1429,3
26365,0.217,0.24238683087688706,362,1
26368,0.2154158918005072,0.22826374049315865,1183,3
26396,0.2279452181987001,0.24103209946058501,1077,3
26438,0.20780540540540543,0.2352065244391466,370,2
26466,0.25406796116504854,0.21235537167509144,515,2
26467,0.2358875305623472,0.24534528338511108,409,2
26477,0.265,0.24795254950242654,381,1
26517,0.24572054794520548,0.23866259282654798,365,2
26540,0.23200000000000004,0.22352491990546197,169,1
26668,0.2498744434550312,0.24471465435919626,1123,2
27459,0.19734687499999998,0.20380549272336293,640,3
27461,0.2245,0.27801202689385973,366,2
27462,0.253,0.2722440335645709,257,1
27465,0.22111844792375768,0.21086695851276133,1469,3
27467,0.2042991452991453,0.21414891517159843,351,2
27475,0.2552379471228616,0.23322854979215474,643,2
27478,0.23355930087390764,0.24470938703539682,801,2
27479,0.2501847545219638,0.2520184702304561,774,2
27490,0.25483883495145637,0.25714176956130774,515,2
27506,0.24218016194331984,0.23505603780010856,1976,4
27531,0.248,0.2362257177766609,317,1
27534,0.2358293370944993,0.23536730628698413,709,2
27555,0.255,0.2518973229776731,224,1
27562,0.22899999999999998,0.2465978405948984,414,1
27577,0.2193282051282051,0.24043879192884382,390,2
27604,0.198,0.2146600502440059,112,1
27615,0.2597908704883227,0.27788560637433846,942,2
27630,0.18900000000000003,0.23884393752150804,171,1
27647,0.22715968992248062,0.24822076892313363,1290,2
27676,0.26733633093525183,0.260034077546026,1112,3
27684,0.2422502472799209,0.24205210019644646,1011,3
27690,0.20400000000000001,0.2115920625375514,410,1
27735,0.21752109181141435,0.21478333898674298,403,2
27769,0.23700000000000002,0.2536345166630869,410,1
27790,0.188,0.2092075762459937,162,1
27815,0.26264888888888893,0.2562382316399378,675,2
27899,0.26,0.2593583861436405,556,1
28163,0.248,0.22883222149602828,177,1
28806,0.275,0.26902845451542,573,1
29490,0.292,0.2854212211244692,593,1
29518,0.264,0.2633238746357692,336,1
29575,0.218,0.2196930721801281,119,1
29576,0.171,0.21927393992551006,178,1
29591,0.242,0.2212992546745338,561,1
29592,0.236,0.23583801328182252,194,1
29606,0.203,0.192221089610581,230,1
29617,0.19067108753315648,0.19477192050552158,377,2
29622,0.2551191432396252,0.24941254995162326,747,2
29630,0.214,0.219455342963842,262,1
29695,0.29,0.240849738927736,403,1
29715,0.19,0.2063354911591488,224,1
29766,0.23083471074380166,0.23181880528940113,847,2
29782,0.183,0.1953884649148694,106,1
29788,0.146,0.1992607434563999,123,1
29794,0.23400000000000004,0.2082481709266594,156,1
29931,0.2552461059190031,0.26899376968780125,642,2
30011,0.242967032967033,0.23286951874363504,364,2
30116,0.2779194547707558,0.2358723638143349,1614,3
30162,0.216,0.2368546378511558,263,1
31166,0.253,0.2305588800896749,114,1
31347,0.24051879699248122,0.23744073827907392,931,2
31349,0.179,0.21010940707223683,155,1
31394,0.211,0.2187500356514165,121,1
31431,0.188,0.2252160420389607,184,1
31567,0.2,0.2616322267332316,211,1
31595,0.221,0.2610777586410847,185,1
31781,0.189,0.2001851320438943,208,1
31837,0.2852147852147852,0.2716003903064416,1001,2
33189,0.2544654939106901,0.26312669833169994,739,2
33266,0.25,0.2922258369857412,103,1
33333,0.253,0.2395759540164428,557,1
33541,0.218,0.2281061737527846,132,1
33824,0.262,0.2715945972315355,158,1
