id,season,babip_actual,babip_pred_improved,residual
10472,2024,0.257,0.2819593184364842,-0.02495931843648419
22217,2023,0.331,0.290136001211718,0.04086399878828201
27462,2024,0.314,0.31796019866836095,-0.003960198668360948
2136,2024,0.316,0.3154469838662354,0.0005530161337646278
10155,2023,0.335,0.3225893934476585,0.012410606552341497
12371,2022,0.272,0.2829118261324016,-0.010911826132401603
26299,2024,0.323,0.31545342789096126,0.007546572109038752
2136,2022,0.307,0.2961004157775377,0.010899584222462289
29518,2024,0.365,0.3702259138200864,-0.005225913820086414
22532,2023,0.275,0.30618148112776405,-0.031181481127764032
15161,2024,0.216,0.22821727940275116,-0.012217279402751163
16505,2023,0.319,0.2633698991951757,0.05563010080482428
18289,2022,0.291,0.2965053613112696,-0.005505361311269608
11609,2023,0.311,0.32459050008764734,-0.01359050008764734
19273,2023,0.365,0.3488802699862372,0.016119730013762767
12976,2022,0.193,0.24860264586612774,-0.05560264586612773
25845,2022,0.338,0.31813366522738473,0.01986633477261529
23401,2024,0.301,0.29184755500907067,0.00915244499092932
9241,2023,0.303,0.30912246145617195,-0.006122461456171957
12856,2023,0.291,0.3044858622473118,-0.013485862247311797
11609,2022,0.27,0.2898111786259666,-0.019811178625966597
13185,2022,0.278,0.2660186580183654,0.011981341981634641
13145,2022,0.296,0.29114504061778307,0.004854959382216917
16622,2022,0.274,0.2773163529845557,-0.0033163529845556816
19859,2023,0.317,0.2956891058257285,0.02131089417427151
29630,2024,0.331,0.3080108703676716,0.02298912963232841
20538,2022,0.307,0.28631630376784045,0.020683696232159543
27562,2024,0.261,0.28561110918102905,-0.024611109181029045
27676,2024,0.265,0.2688965672677475,-0.0038965672677475083
20017,2023,0.31,0.3504801015454029,-0.04048010154540288
13853,2023,0.264,0.3289682557492964,-0.06496825574929638
8709,2023,0.294,0.2954377853279348,-0.0014377853279348152
33333,2024,0.296,0.2860963982367414,0.009903601763258607
25878,2022,0.333,0.3227680952883266,0.0102319047116734
25543,2024,0.276,0.2805862232917166,-0.004586223291716596
26288,2024,0.272,0.28217892714588916,-0.010178927145889138
25768,2022,0.291,0.2927684697720792,-0.0017684697720792286
20352,2024,0.266,0.27499884829917437,-0.008998848299174356
23003,2024,0.338,0.3227217085039347,0.0152782914960653
19238,2022,0.346,0.3239202074963112,0.0220797925036888
19913,2023,0.321,0.3553491897718406,-0.034349189771840594
12037,2022,0.308,0.3052066545494333,0.0027933454505666977
19612,2023,0.355,0.37679265740752804,-0.02179265740752806
27478,2024,0.287,0.32275131366229376,-0.03575131366229378
21636,2023,0.323,0.30872510227229893,0.014274897727701075
4314,2023,0.212,0.2076428055374291,0.004357194462570907
27684,2022,0.304,0.2863734342516628,0.01762656574833721
29622,2024,0.306,0.28543247405583144,0.020567525944168552
24679,2022,0.33,0.33163605259341417,-0.00163605259341415
13185,2024,0.249,0.24961483438163454,-0.0006148343816345381
15679,2023,0.249,0.27348991022567093,-0.02448991022567093
5517,2022,0.246,0.28345299424660525,-0.03745299424660525
22515,2024,0.329,0.30504847732500706,0.023951522674992953
26289,2024,0.32,0.33055429957615495,-0.010554299576154946
11579,2024,0.331,0.3280981168423148,0.0029018831576851922
18042,2024,0.267,0.27230558635093,-0.0053055863509299805
14894,2022,0.259,0.273022079129715,-0.014022079129714982
13419,2024,0.287,0.2536377745116859,0.03336222548831408
18030,2024,0.276,0.2861565768704178,-0.010156576870417766
26197,2022,0.301,0.2849061815624632,0.016093818437536767
19339,2024,0.288,0.28948244359554914,-0.0014824435955491655
15194,2023,0.268,0.2855357444453483,-0.017535744445348278
19734,2024,0.282,0.28218178870961935,-0.00018178870961937932
19955,2022,0.341,0.31364838772035225,0.027351612279647775
5760,2022,0.298,0.3055572868402005,-0.007557286840200517
22197,2022,0.258,0.2912239390198297,-0.033223939019829674
25845,2024,0.27,0.32000492890979404,-0.05000492890979402
15941,2023,0.184,0.24589831394388234,-0.061898313943882344
19892,2022,0.262,0.2346775327813065,0.027322467218693497
15279,2022,0.34,0.34080509708271783,-0.0008050970827178094
17338,2024,0.315,0.30801139944297184,0.006988600557028157
27555,2024,0.359,0.33625433058290466,0.022745669417095327
17988,2024,0.307,0.2939063140910802,0.013093685908919794
12144,2024,0.3,0.28512344995889094,0.014876550041109049
2136,2023,0.296,0.32077687437130575,-0.024776874371305768
14350,2022,0.315,0.3189821465116722,-0.003982146511672224
5254,2023,0.292,0.2917587022242566,0.00024129777574338762
26289,2023,0.306,0.3140048554680391,-0.008004855468039085
12282,2023,0.247,0.29819525421803983,-0.05119525421803983
5343,2022,0.28,0.2739879285422042,0.006012071457795809
9241,2022,0.34,0.3138350675992248,0.02616493240077522
18015,2023,0.264,0.28204921681973144,-0.01804921681973143
16219,2024,0.273,0.2513485504936139,0.021651449506386145
20308,2022,0.344,0.31428730000010136,0.029712699999898617
22117,2022,0.25,0.23365251387588024,0.016347486124119764
9256,2023,0.173,0.21700553048317767,-0.04400553048317768
7739,2022,0.306,0.28149068086138646,0.02450931913861354
14813,2024,0.252,0.27680478237895084,-0.02480478237895084
18819,2024,0.31,0.2860178650431105,0.0239821349568895
9847,2024,0.283,0.26765678828975553,0.015343211710244442
17678,2022,0.26,0.25808821627016854,0.0019117837298314733
19262,2023,0.379,0.3168684142633623,0.062131585736637684
5827,2024,0.22,0.2548056017457807,-0.03480560174578071
27465,2024,0.285,0.2296126271138857,0.05538737288611428
17338,2023,0.328,0.2983855054296638,0.029614494570336214
19600,2023,0.307,0.31771710043432805,-0.010717100434328053
19921,2024,0.313,0.2856417914399102,0.027358208560089803
15585,2022,0.273,0.27179523447151904,0.0012047655284809777
13757,2023,0.327,0.3016814348373164,0.025318565162683604
9774,2024,0.257,0.2851960308343128,-0.02819603083431277
13338,2023,0.245,0.2848976064264629,-0.039897606426462895
21622,2022,0.349,0.31992251611938954,0.029077483880610433
33824,2024,0.273,0.29020293645504036,-0.01720293645504034
21614,2024,0.276,0.2961225599756593,-0.02012255997565926
10472,2023,0.273,0.2713177848324992,0.0016822151675008334
19422,2022,0.232,0.27348113954192843,-0.04148113954192842
11579,2023,0.352,0.34910306290011184,0.0028969370998881416
24488,2024,0.292,0.289388661747407,0.002611338252592965
27769,2024,0.292,0.287790744497204,0.004209255502795994
15271,2022,0.32,0.28332677583337673,0.036673224166623275
12859,2023,0.274,0.29782112356601165,-0.023821123566011626
14162,2024,0.343,0.30042531121095994,0.04257468878904008
3473,2024,0.259,0.27719012819334105,-0.018190128193341037
18564,2022,0.231,0.25303787400675454,-0.022037874006754526
12552,2024,0.309,0.3037978055733448,0.0052021944266552045
25768,2023,0.279,0.29335087328123605,-0.01435087328123602
19950,2022,0.353,0.2998128223145188,0.0531871776854812
17040,2024,0.3,0.2973420618098386,0.002657938190161413
13770,2022,0.394,0.35206943690996734,0.04193056309003268
19197,2023,0.277,0.292464509502993,-0.015464509502992996
18607,2022,0.281,0.28535351946751286,-0.004353519467512834
19198,2023,0.272,0.2715805939556629,0.0004194060443371006
13788,2022,0.348,0.3341435243025063,0.013856475697493653
15161,2022,0.228,0.24594937375299084,-0.017949373752990827
27735,2023,0.241,0.28736091367747796,-0.046360913677477966
19251,2023,0.205,0.25896358885221965,-0.05396358885221966
9368,2022,0.297,0.28340228068465784,0.01359771931534215
16623,2022,0.267,0.27343840369945227,-0.006438403699452255
15149,2023,0.327,0.28713946481340624,0.03986053518659377
15905,2024,0.273,0.34703016342677084,-0.07403016342677082
12155,2024,0.196,0.29493271651818154,-0.09893271651818153
18353,2024,0.25,0.27128619136029947,-0.021286191360299467
20325,2023,0.337,0.36323698192871,-0.02623698192870999
19813,2022,0.374,0.3116602216081523,0.06233977839184768
15998,2023,0.319,0.2841825294125371,0.03481747058746293
13613,2022,0.276,0.2870638970198928,-0.011063897019892799
26517,2023,0.384,0.3431039402554431,0.0408960597445569
18067,2022,0.324,0.2714350219267458,0.05256497807325422
27534,2023,0.371,0.3538474237648947,0.0171525762351053
21538,2024,0.246,0.23867226550604798,0.007327734493952021
26319,2024,0.322,0.2873885706951004,0.03461142930489963
13624,2023,0.34,0.31906213126903366,0.02093786873096637
19627,2023,0.317,0.29027305479195903,0.026726945208040975
16376,2024,0.277,0.27689777338762295,0.00010222661237707653
12927,2023,0.324,0.310950764012124,0.013049235987875996
19556,2023,0.306,0.3015344958711279,0.004465504128872089
5254,2024,0.275,0.2974091558424423,-0.022409155842442297
21560,2023,0.31,0.3106105161897624,-0.0006105161897623779
11579,2022,0.324,0.32694693271724606,-0.0029469327172460535
16556,2022,0.27,0.26632007883541203,0.003679921164587985
20529,2024,0.333,0.3254741873610781,0.007525812638921936
24703,2024,0.306,0.2499245840556877,0.056075415944312285
26438,2023,0.237,0.28277947505293693,-0.045779475052936947
22244,2024,0.225,0.29168857453591196,-0.06668857453591195
11680,2024,0.317,0.2746397337339417,0.04236026626605832
22244,2023,0.29,0.2727621203449624,0.01723787965503759
19339,2022,0.265,0.31871724550634406,-0.05371724550634405
10028,2023,0.278,0.2519389999462289,0.0260610000537711
10762,2023,0.296,0.29210120703120485,0.0038987929687951395
15274,2023,0.313,0.3294557718337206,-0.0164557718337206
19717,2022,0.301,0.2898365959515319,0.011163404048468106
19392,2022,0.257,0.3086105512177084,-0.05161055121770841
19293,2024,0.232,0.27187421989111726,-0.03987421989111725
22542,2023,0.259,0.25488665443930825,0.004113345560691761
15794,2022,0.347,0.33494662490907906,0.012053375090920915
23359,2023,0.221,0.24557567862377644,-0.024575678623776437
10155,2022,0.323,0.27990368349895495,0.04309631650104506
23800,2024,0.306,0.2792289984606458,0.02677100153935419
17321,2022,0.294,0.26427227030243705,0.029727729697562932
17982,2024,0.277,0.2747654834297146,0.0022345165702854497
24679,2024,0.3,0.29996743010403576,3.2569895964229545e-05
11739,2023,0.307,0.29416940915525724,0.01283059084474275
5038,2023,0.115,0.16872332489781938,-0.05372332489781938
12927,2024,0.267,0.30786282079126054,-0.04086282079126052
15491,2023,0.314,0.29927487356299554,0.014725126437004465
5913,2022,0.255,0.29494409181605996,-0.03994409181605996
24610,2023,0.294,0.31187198382612386,-0.01787198382612387
7802,2023,0.255,0.297358684901625,-0.04235868490162498
15986,2022,0.278,0.28802942042406915,-0.010029420424069124
16337,2024,0.271,0.30270205168198827,-0.03170205168198825
19779,2024,0.318,0.2556813192758492,0.06231868072415081
20036,2023,0.257,0.2666466787121845,-0.009646678712184498
13620,2022,0.247,0.28206592817920406,-0.035065928179204064
25660,2024,0.287,0.29210371744731967,-0.005103717447319689
11609,2024,0.337,0.3134392362113234,0.02356076378867661
9952,2023,0.271,0.272944085428396,-0.0019440854283959697
4892,2022,0.272,0.239918883243171,0.03208111675682901
25816,2024,0.252,0.2722127916240532,-0.020212791624053206
17901,2024,0.245,0.2704415838690678,-0.025441583869067808
19556,2024,0.317,0.2961197901007065,0.02088020989929351
13590,2024,0.304,0.31138590621187134,-0.0073859062118713514
18171,2022,0.273,0.29115318503199944,-0.01815318503199942
3516,2023,0.299,0.2565794020081764,0.04242059799182357
19709,2024,0.316,0.3173637329578477,-0.0013637329578476964
18839,2024,0.246,0.27514679218152255,-0.02914679218152255
22664,2024,0.303,0.30520526381519125,-0.0022052638151912607
6887,2022,0.228,0.25948250617293184,-0.03148250617293183
12180,2022,0.364,0.3273741829621811,0.036625817037818864
17678,2024,0.264,0.2699323506712839,-0.0059323506712838925
15429,2024,0.321,0.28190595005307933,0.03909404994692067
16153,2023,0.369,0.3193425186102146,0.049657481389785374
10324,2023,0.293,0.29968824091560076,-0.006688240915600774
12325,2023,0.27,0.29509180726693685,-0.025091807266936828
11739,2022,0.318,0.31121070264894,0.006789297351059986
25931,2023,0.334,0.33729158492306927,-0.003291584923069246
17022,2024,0.32,0.30953181492973303,0.010468185070266978
6184,2024,0.308,0.2919711604896122,0.016028839510387805
10243,2022,0.309,0.26834317828395016,0.04065682171604984
18795,2023,0.355,0.30211049740175105,0.05288950259824893
10681,2022,0.326,0.3156855479838442,0.010314452016155828
7739,2024,0.28,0.2878977944285293,-0.007897794428529281
24589,2023,0.234,0.2578004536798877,-0.023800453679887673
23378,2023,0.307,0.28625927731528095,0.02074072268471905
18819,2022,0.258,0.246603662409045,0.011396337590955014
19913,2022,0.258,0.27754453882384633,-0.019544538823846325
10155,2024,0.194,0.2924111178006381,-0.0984111178006381
24589,2024,0.28,0.29489948349694406,-0.014899483496944033
19901,2023,0.222,0.23548660098495014,-0.013486600984950137
13301,2024,0.265,0.2682649284020588,-0.0032649284020587754
13359,2022,0.291,0.3076400864190363,-0.016640086419036304
11489,2022,0.321,0.27777387871568904,0.04322612128431097
3142,2022,0.248,0.24715078095186263,0.0008492190481373674
26323,2022,0.269,0.25976647514489587,0.009233524855104147
20970,2023,0.278,0.3170593700443747,-0.03905937004437465
15585,2023,0.276,0.25393499533182046,0.022065004668179566
24934,2024,0.307,0.28834597647593774,0.018654023524062258
19755,2024,0.336,0.33219268730955365,0.003807312690446374
22244,2022,0.242,0.26127895807509777,-0.019278958075097774
10028,2022,0.304,0.29365439121034853,0.010345608789651461
27475,2023,0.331,0.29334289997120033,0.037657100028799684
5235,2024,0.299,0.29870559830765353,0.00029440169234645763
12533,2022,0.263,0.27786442048387955,-0.014864420483879537
26466,2024,0.389,0.29629660171962,0.09270339828037999
12158,2024,0.35,0.2977694706261172,0.052230529373882784
18067,2024,0.289,0.27659896037472714,0.012401039625272836
19956,2022,0.254,0.2486810335767707,0.005318966423229293
13510,2023,0.285,0.2909026072170539,-0.0059026072170539345
19918,2023,0.256,0.27479838032514714,-0.018798380325147135
19709,2023,0.299,0.3077011048439579,-0.008701104843957919
14968,2022,0.228,0.29666266079823184,-0.06866266079823183
26467,2024,0.221,0.2369481862598868,-0.01594818625988681
25976,2023,0.384,0.3636710880508445,0.02032891194915548
19931,2022,0.354,0.2842264533475051,0.06977354665249486
20157,2023,0.33,0.2643004921275634,0.06569950787243661
4106,2022,0.311,0.31994094335213635,-0.008940943352136355
10059,2022,0.239,0.214876993642442,0.024123006357557986
17766,2024,0.217,0.2606504531568244,-0.04365045315682439
20308,2024,0.263,0.28282624153573055,-0.019826241535730538
6153,2022,0.281,0.28175576611747033,-0.0007557661174703023
7304,2022,0.285,0.26329152555977087,0.02170847444022911
24610,2024,0.304,0.30683604617041493,-0.002836046170414941
14221,2022,0.256,0.26766044451448573,-0.011660444514485724
27467,2024,0.273,0.2440359111230292,0.028964088876970828
19896,2024,0.348,0.28776236043430065,0.06023763956569933
19452,2024,0.251,0.2643281003776691,-0.013328100377669072
20036,2022,0.195,0.21376262816356087,-0.018762628163560863
21871,2024,0.307,0.3649049721650349,-0.05790497216503493
20538,2023,0.235,0.27813038442347005,-0.04313038442347006
19238,2023,0.282,0.31897208574555924,-0.03697208574555927
29695,2023,0.385,0.32517739467631396,0.05982260532368605
9874,2024,0.229,0.2766193650344829,-0.04761936503448291
20178,2023,0.224,0.26777563176315083,-0.04377563176315083
19635,2022,0.289,0.3382998383770671,-0.04929983837706714
16472,2022,0.292,0.29288436365527026,-0.0008843636552702816
12546,2023,0.284,0.2724264285099609,0.01157357149003907
19890,2024,0.296,0.3000130443189708,-0.004013044318970815
21711,2024,0.347,0.31403846542490704,0.03296153457509293
13768,2023,0.311,0.31703892484080126,-0.006038924840801263
4940,2023,0.291,0.24585049252199187,0.04514950747800811
19610,2022,0.271,0.286950792323061,-0.01595079232306096
22263,2024,0.279,0.2643121031143307,0.01468789688566935
31837,2024,0.302,0.30324767344142955,-0.0012476734414295643
18015,2022,0.213,0.2551417916662396,-0.04214179166623963
23800,2023,0.302,0.3032033068305009,-0.0012033068305009054
19514,2022,0.268,0.2569556894050699,0.011044310594930107
25621,2024,0.227,0.271287820639627,-0.04428782063962697
15429,2022,0.338,0.2927006099222471,0.04529939007775291
16442,2022,0.313,0.3639542833963352,-0.050954283396335176
18042,2022,0.32,0.2761527072098586,0.04384729279014138
20493,2022,0.25,0.3258468124291144,-0.0758468124291144
23782,2024,0.311,0.2997887912657627,0.01121120873423731
19610,2023,0.263,0.2832087535981856,-0.02020875359818558
18171,2024,0.291,0.28072043051347995,0.010279569486520035
18126,2023,0.29,0.28871220026802064,0.0012877997319793444
18401,2023,0.338,0.34016960378306094,-0.002169603783060914
17678,2023,0.27,0.2744092987653791,-0.004409298765379099
15518,2023,0.314,0.3176071065120537,-0.003607106512053704
15679,2024,0.28,0.27288318793609556,0.007116812063904465
21538,2023,0.234,0.24434131305171816,-0.010341313051718148
10441,2023,0.194,0.24169131817325878,-0.04769131817325878
17620,2022,0.261,0.306963798848754,-0.04596379884875401
19901,2022,0.272,0.23553499906514214,0.03646500093485788
26668,2024,0.359,0.3200912482433977,0.0389087517566023
26517,2024,0.291,0.2962548046814898,-0.005254804681489811
15518,2024,0.35,0.31432952080480103,0.035670479195198945
4949,2023,0.21,0.2279398892781643,-0.01793988927816431
2434,2023,0.323,0.3005945473482192,0.02240545265178079
22168,2023,0.268,0.2769020526723008,-0.008902052672300764
12155,2022,0.267,0.2770512811094392,-0.010051281109439203
14221,2024,0.293,0.2618912107385355,0.031108789261464487
19611,2024,0.342,0.3071373650471425,0.03486263495285752
18401,2022,0.331,0.2934963790149799,0.037503620985020136
19293,2022,0.276,0.3012266705369001,-0.025226670536900087
9218,2023,0.327,0.323882279196754,0.0031177208032460157
19290,2024,0.275,0.2557361389320351,0.019263861067964905
11680,2023,0.324,0.2791787613727098,0.044821238627290205
13510,2024,0.265,0.2686122788536439,-0.003612278853643902
21560,2022,0.344,0.33817735910693864,0.005822640893061337
19755,2023,0.342,0.30917953178284163,0.032820468217158394
17919,2022,0.336,0.3004119346869777,0.03558806531302233
22117,2023,0.388,0.3232867357227656,0.0647132642772344
21865,2024,0.262,0.26227082315444533,-0.000270823154445321
16478,2022,0.24,0.26128293233054206,-0.02128293233054207
8090,2023,0.231,0.22913217031876734,0.001867829681232669
18126,2024,0.331,0.3000536239523206,0.030946376047679414
26288,2023,0.303,0.30699535574258113,-0.0039953557425811415
15672,2022,0.288,0.2754702180205842,0.012529781979415788
25931,2022,0.361,0.3151119918746296,0.04588800812537036
22563,2023,0.29,0.30742319211297714,-0.01742319211297716
11442,2024,0.267,0.26353382325168206,0.0034661767483179506
13853,2022,0.293,0.29993631565133205,-0.00693631565133207
19608,2024,0.318,0.327506034040783,-0.009506034040782985
26294,2022,0.274,0.2885295804240274,-0.014529580424027355
26365,2024,0.265,0.2826766444676532,-0.017676644467653213
20536,2022,0.193,0.2571204624384271,-0.06412046243842712
15191,2022,0.313,0.296043092947685,0.016956907052315007
20503,2024,0.33,0.30894204367769634,0.021057956322303673
14366,2023,0.329,0.30253949671667124,0.026460503283328773
14128,2024,0.232,0.27243815875175154,-0.040438158751751524
5417,2022,0.315,0.2837649297087889,0.031235070291211087
21636,2022,0.298,0.30031618102336727,-0.002316181023367281
10815,2023,0.279,0.3003203877426578,-0.021320387742657765
24816,2024,0.304,0.2957844324383384,0.008215567561661585
22650,2023,0.258,0.2767186713942586,-0.01871867139425859
19890,2023,0.313,0.32628617939547144,-0.013286179395471442
19627,2024,0.362,0.30064282490963107,0.06135717509036892
14551,2022,0.248,0.26009326506467534,-0.01209326506467534
30162,2023,0.281,0.294817122895456,-0.013817122895455947
21707,2023,0.26,0.26917739291698406,-0.00917739291698405
17027,2023,0.294,0.31561670637769246,-0.021616706377692474
18289,2023,0.309,0.30478983281273864,0.00421016718726136
25878,2024,0.256,0.2896922379083705,-0.033692237908370504
20538,2024,0.318,0.27106433711954203,0.04693566288045797
20325,2022,0.308,0.27053741289315264,0.037462587106847356
7802,2024,0.301,0.3056326828102242,-0.00463268281022422
17273,2023,0.267,0.296743156179177,-0.029743156179177
20454,2023,0.318,0.2938241546572459,0.024175845342754132
23697,2024,0.344,0.317304070416495,0.026695929583504974
9777,2024,0.296,0.2732194647159092,0.022780535284090797
17696,2022,0.322,0.30213900329426374,0.019860996705736267
26323,2023,0.318,0.2847157201163826,0.03328427988361743
4418,2022,0.213,0.256540896279332,-0.043540896279332025
21636,2024,0.301,0.29488168409476523,0.006118315905234761
21523,2022,0.305,0.28908722729497,0.01591277270503
22799,2024,0.317,0.28447653059330497,0.03252346940669504
15640,2023,0.3,0.3053876555916037,-0.005387655591603702
17027,2024,0.253,0.28591827629094685,-0.032918276290946846
14162,2023,0.272,0.3041637970582408,-0.032163797058240795
13590,2022,0.251,0.2724462059844778,-0.021446205984477773
20321,2024,0.261,0.2462307344635122,0.014769265536487802
27490,2024,0.319,0.3103484300535828,0.008651569946417192
13624,2024,0.291,0.27443148961815433,0.016568510381845647
17350,2023,0.292,0.2924271205587654,-0.00042712055876542587
22217,2024,0.24,0.2707882688093724,-0.03078826880937241
14130,2023,0.282,0.2759548573152218,0.006045142684778182
13066,2024,0.344,0.29565040967570194,0.04834959032429803
9368,2023,0.277,0.2773946431234856,-0.00039464312348558295
13723,2023,0.249,0.2596831599286924,-0.010683159928692398
20572,2023,0.295,0.28631979786893286,0.008680202131067127
12976,2024,0.22,0.23912418074811964,-0.01912418074811964
23565,2023,0.369,0.3110803350648873,0.05791966493511269
16939,2022,0.291,0.26965748274302315,0.021342517256976834
14350,2023,0.302,0.3182361141290796,-0.016236114129079604
14477,2022,0.268,0.3087985109417024,-0.04079851094170239
11445,2023,0.293,0.26491746131196486,0.02808253868803512
25976,2024,0.329,0.3147739783143201,0.014226021685679935
19698,2022,0.344,0.3178369004055835,0.026163099594416483
27676,2023,0.25,0.29291675499592834,-0.04291675499592834
29766,2024,0.296,0.2888160376903612,0.007183962309638803
5760,2023,0.258,0.29373261254215494,-0.03573261254215493
23695,2023,0.264,0.33925071851329736,-0.07525071851329734
7304,2023,0.294,0.2997587062622188,-0.0057587062622188046
22871,2023,0.265,0.29363849252158025,-0.02863849252158024
13675,2023,0.263,0.2899093646599685,-0.026909364659968515
15518,2022,0.326,0.31606762442544195,0.009932375574558061
14551,2023,0.299,0.25224577167013984,0.04675422832986015
1177,2022,0.252,0.25333288690692946,-0.0013328869069294536
13611,2023,0.316,0.30757662180919004,0.00842337819080996
29606,2024,0.297,0.276076937049078,0.020923062950922
12282,2022,0.244,0.26997854089598616,-0.02597854089598617
16572,2023,0.311,0.3079616305831719,0.003038369416828113
31349,2024,0.233,0.2708021975565609,-0.03780219755656086
15429,2023,0.27,0.28837053982579464,-0.01837053982579462
19262,2024,0.314,0.2818249365723177,0.03217506342768228
16997,2024,0.306,0.29564512404328847,0.010354875956711529
13624,2022,0.242,0.30569310222541757,-0.06369310222541757
17838,2024,0.263,0.2760712574981375,-0.013071257498137479
17548,2024,0.294,0.3205138167722174,-0.026513816772217425
27506,2024,0.261,0.27127525101536837,-0.010275251015368358
19252,2022,0.275,0.2835051872728804,-0.008505187272880355
13757,2024,0.289,0.3068063191150501,-0.017806319115050095
5254,2022,0.283,0.28786983005651406,-0.004869830056514091
19953,2024,0.338,0.31341355757875156,0.024586442421248467
24618,2023,0.359,0.28257737622271156,0.07642262377728842
10642,2023,0.256,0.2744181270565481,-0.018418127056548106
16512,2024,0.307,0.3038355285622711,0.0031644714377289107
15730,2024,0.275,0.29927810266122085,-0.024278102661220824
20437,2024,0.251,0.2543571881410839,-0.0033571881410838778
18795,2024,0.28,0.27317078354240343,0.0068292164575965986
13613,2023,0.3,0.30224847769008445,-0.0022484776900844605
17128,2023,0.301,0.3022059000376237,-0.0012059000376237194
27684,2024,0.271,0.2689653321173285,0.002034667882671537
23401,2023,0.285,0.2672694656239059,0.017730534376094065
26149,2023,0.377,0.27912276144820913,0.09787723855179087
13066,2023,0.342,0.3079424412995929,0.03405755870040711
14854,2022,0.261,0.2807118838744631,-0.0197118838744631
20521,2023,0.283,0.3110684351800275,-0.02806843518002755
12856,2022,0.285,0.2877021038848906,-0.0027021038848906165
26396,2024,0.311,0.2957417030303806,0.01525829696961939
12546,2022,0.307,0.28903040856126,0.017969591438739996
18363,2023,0.36,0.3168619860189676,0.0431380139810324
26299,2023,0.34,0.3291474743649609,0.010852525635039134
26368,2024,0.279,0.26807235314797945,0.010927646852020578
23733,2022,0.295,0.27162054966282795,0.023379450337172036
22275,2024,0.292,0.25735957195629344,0.03464042804370654
26031,2024,0.244,0.31747698888893267,-0.07347698888893267
16478,2023,0.209,0.24314245417934535,-0.03414245417934536
24655,2022,0.29,0.3000393567212266,-0.010039356721226633
13621,2023,0.292,0.2881353703986321,0.0038646296013679082
5417,2023,0.348,0.2868802551940882,0.06111974480591176
2396,2022,0.209,0.24952936596789194,-0.040529365967891945
20352,2022,0.217,0.2554137330275739,-0.03841373302757392
19806,2023,0.333,0.29672280422166697,0.03627719577833305
18882,2024,0.287,0.3009247082871628,-0.013924708287162801
18360,2024,0.31,0.31063106321434253,-0.000631063214342531
33189,2023,0.326,0.3181915617131432,0.007808438286856789
25764,2022,0.295,0.2823632255571839,0.012636774442816079
20220,2024,0.244,0.2770090241062714,-0.03300902410627138
22184,2023,0.264,0.29206792159537187,-0.02806792159537186
6310,2022,0.293,0.2877353391346329,0.005264660865367088
1744,2022,0.324,0.3084771160029136,0.0155228839970864
26197,2023,0.299,0.29551507184339987,0.00348492815660012
8202,2023,0.229,0.2833211771379651,-0.05432117713796511
21693,2024,0.261,0.2914798016114785,-0.030479801611478508
22277,2024,0.211,0.25101503076589343,-0.04001503076589344
14691,2023,0.332,0.3266359153701564,0.005364084629843613
5297,2023,0.311,0.25772916458076084,0.05327083541923916
26295,2024,0.37,0.3279244973876154,0.042075502612384574
25459,2022,0.283,0.2908129750951692,-0.007812975095169206
19566,2023,0.329,0.33540624745319786,-0.006406247453197844
14161,2023,0.253,0.24164411626341975,0.011355883736580252
22664,2023,0.338,0.3456277127095086,-0.007627712709508572
21693,2023,0.264,0.25780065178677736,0.006199348213222655
18036,2023,0.267,0.29600068048779204,-0.02900068048779203
13066,2022,0.335,0.331226983985914,0.003773016014086028
23986,2024,0.304,0.3108066821634228,-0.006806682163422784
20926,2022,0.339,0.2625196721463379,0.0764803278536621
18821,2022,0.327,0.32025520465565643,0.006744795344343579
16997,2022,0.295,0.28754129222193225,0.00745870777806773
13590,2023,0.278,0.31174245691377994,-0.03374245691377992
22715,2023,0.344,0.3521616700129764,-0.008161670012976407
19346,2022,0.29,0.28721244257012246,0.0027875574298775185
15937,2022,0.256,0.28369375929449175,-0.02769375929449175
19950,2024,0.286,0.30340936560763426,-0.017409365607634286
23733,2023,0.358,0.30766645585012614,0.05033354414987384
24273,2023,0.32,0.30965343284165553,0.010346567158344477
15730,2022,0.274,0.2762440943354076,-0.002244094335407565
19514,2023,0.288,0.270473795139664,0.01752620486033596
16451,2023,0.291,0.29023089507510225,0.0007691049248977344
9847,2023,0.312,0.295372055010762,0.016627944989237975
16556,2024,0.274,0.26630650417156554,0.007693495828434482
22458,2024,0.255,0.2754595568751811,-0.020459556875181084
19918,2022,0.269,0.25763892022303764,0.01136107977696238
21614,2022,0.275,0.293200591370195,-0.018200591370194974
12979,2022,0.292,0.2816433629617598,0.01035663703824019
29794,2024,0.29,0.2539189112466364,0.03608108875336358
15679,2022,0.215,0.2537152893228099,-0.038715289322809904
17982,2023,0.294,0.29463906980908117,-0.000639069809081183
12161,2022,0.362,0.30828643968536246,0.05371356031463753
19293,2023,0.269,0.28471137783708433,-0.015711377837084317
20391,2022,0.337,0.3223124929824602,0.014687507017539847
26289,2022,0.333,0.3117999266528901,0.021200073347109938
19352,2024,0.223,0.2300961972152178,-0.007096197215217787
3269,2022,0.189,0.29915788686393013,-0.11015788686393013
19287,2024,0.273,0.29300381278498255,-0.020003812784982533
19262,2022,0.294,0.2922566569552594,0.0017433430447406084
18839,2023,0.326,0.2988480498542033,0.02715195014579669
13324,2022,0.279,0.2894152482923033,-0.01041524829230328
22186,2023,0.268,0.2934735249454946,-0.025473524945494597
18887,2023,0.23,0.2957845480326012,-0.06578454803260117
11899,2024,0.322,0.2866650588758153,0.03533494112418473
23733,2024,0.31,0.257902237446533,0.052097762553466986
9256,2022,0.278,0.28816481603845717,-0.010164816038457147
10324,2022,0.252,0.2713697639117438,-0.019369763911743776
12533,2023,0.291,0.2833578168539138,0.007642183146086168
17901,2022,0.352,0.31692076260068247,0.03507923739931751
25055,2022,0.346,0.2865025006140566,0.0594974993859434
27684,2023,0.261,0.2923096902916971,-0.03130969029169711
19683,2022,0.345,0.2739865670174462,0.07101343298255375
16939,2023,0.325,0.29189434224269467,0.03310565775730534
27815,2023,0.336,0.31514074265742426,0.020859257342575765
29931,2023,0.318,0.3167931057513602,0.0012068942486397893
19599,2024,0.274,0.29150696990956176,-0.017506969909561743
24655,2023,0.31,0.2979404247437565,0.012059575256243515
18568,2023,0.362,0.3485454391214875,0.01345456087851249
10243,2023,0.309,0.30178374881857467,0.007216251181425326
13611,2022,0.272,0.28653891950529725,-0.014538919505297232
24934,2023,0.299,0.275661725557738,0.023338274442261997
14387,2022,0.35,0.2920968396365021,0.05790316036349785
9774,2023,0.279,0.3018654514672012,-0.022865451467201148
19287,2022,0.309,0.30177129668979347,0.00722870331020653
27577,2024,0.273,0.26830869766639104,0.004691302333608982
17350,2022,0.329,0.30328013780383417,0.025719862196165844
25961,2024,0.328,0.274606804038435,0.053393195961565
22277,2023,0.253,0.2730117219416717,-0.020011721941671723
16530,2023,0.308,0.3032028068240205,0.004797193175979486
13301,2023,0.221,0.2582947474582646,-0.03729474745826458
11477,2022,0.327,0.33625320644744944,-0.009253206447449425
5361,2024,0.306,0.3158509468926069,-0.009850946892606904
15998,2022,0.255,0.27140912982552584,-0.016409129825525837
10231,2024,0.382,0.3223540188730864,0.059645981126913605
19913,2024,0.315,0.33292824178390895,-0.01792824178390895
20505,2022,0.353,0.2926249460477532,0.06037505395224679
14735,2022,0.233,0.2816688862167539,-0.04866888621675389
15491,2024,0.248,0.29115845274671975,-0.043158452746719755
14950,2022,0.295,0.27536983862944575,0.019630161370554233
19392,2023,0.284,0.29756847336388303,-0.01356847336388306
5297,2022,0.279,0.27122513924602654,0.007774860753973489
14593,2022,0.382,0.3142701129415283,0.06772988705847172
5235,2022,0.313,0.30949937049466025,0.0035006295053397474
17484,2023,0.305,0.276134335264697,0.028865664735302998
20454,2024,0.309,0.28384935690793023,0.02515064309206977
18314,2022,0.348,0.30447452234149697,0.04352547765850301
19858,2023,0.293,0.2870895025097402,0.005910497490259792
21618,2024,0.305,0.31915258906574756,-0.014152589065747567
26151,2024,0.319,0.29031993381390736,0.028680066186092645
13265,2023,0.317,0.24475895179872786,0.07224104820127214
13755,2024,0.226,0.2700200488033558,-0.04402004880335578
26197,2024,0.285,0.25825910034735505,0.026740899652644923
18889,2024,0.245,0.2771107335558044,-0.032110733555804405
17128,2022,0.262,0.2869687140035197,-0.024968714003519688
10556,2022,0.309,0.3144009557377856,-0.0054009557377855955
14691,2022,0.318,0.3159804184885342,0.0020195815114658067
17893,2022,0.259,0.27658607986577566,-0.01758607986577565
11442,2023,0.212,0.22622787853361662,-0.014227878533616622
13757,2022,0.336,0.3173486958736017,0.018651304126398316
10815,2024,0.302,0.29227851942777516,0.009721480572224828
19928,2022,0.35,0.31126115899155204,0.03873884100844793
11739,2024,0.328,0.3125504331475961,0.015449566852403895
25805,2023,0.33,0.28604935708299606,0.04395064291700396
19260,2024,0.331,0.30263270829238537,0.02836729170761465
19198,2022,0.266,0.2791746441538365,-0.013174644153836512
14196,2022,0.274,0.303394690126535,-0.029394690126535006
15112,2022,0.311,0.33958061096335185,-0.02858061096335185
16505,2022,0.277,0.2627251022605959,0.014274897739404102
27479,2024,0.303,0.3007979995797315,0.0022020004202684684
10681,2023,0.346,0.31154900181674644,0.034450998183253534
12532,2023,0.218,0.25921821522155675,-0.04121821522155675
21501,2022,0.32,0.291354805951503,0.028645194048497025
19352,2022,0.29,0.28949810774126883,0.0005018922587311514
12916,2024,0.295,0.3044099410488706,-0.009409941048870607
16219,2022,0.36,0.3129430473341979,0.047056952665802065
16505,2024,0.293,0.27530234324460856,0.017697656755391422
16252,2023,0.31,0.30891403125755734,0.0010859687424426556
22581,2023,0.265,0.2973535137581147,-0.03235351375811468
20321,2023,0.306,0.2919270162175184,0.014072983782481618
12564,2023,0.29,0.2800134402068151,0.009986559793184857
16925,2022,0.301,0.30238103280509776,-0.0013810328050977705
15279,2023,0.324,0.3204560328938381,0.003543967106161894
24618,2024,0.238,0.26828255762187875,-0.03028255762187876
19612,2022,0.347,0.3277860602691285,0.019213939730871488
13338,2022,0.248,0.2608466634116892,-0.012846663411689219
11038,2024,0.272,0.29021846012970615,-0.018218460129706127
21538,2022,0.252,0.278616361564055,-0.026616361564055002
19921,2023,0.29,0.25495187825497345,0.03504812174502653
17988,2023,0.314,0.32771135587435946,-0.013711355874359454
22558,2024,0.3,0.3212325707840054,-0.021232570784005422
27534,2024,0.288,0.3200890909733217,-0.03208909097332174
8090,2022,0.304,0.2878445029687436,0.016155497031256405
7802,2022,0.258,0.2916913125234392,-0.03369131252343921
22458,2023,0.261,0.2783134488028171,-0.0173134488028171
19966,2022,0.293,0.29000953906508814,0.0029904609349118427
12981,2023,0.184,0.22381300732384657,-0.03981300732384657
16376,2023,0.284,0.2786326802684709,0.005367319731529097
11615,2022,0.293,0.2905165883793288,0.002483411620671172
14109,2022,0.261,0.3030221809165189,-0.04202218091651888
15653,2023,0.286,0.28172564266998146,0.004274357330018519
20202,2023,0.397,0.3219807995625474,0.07501920043745264
19953,2023,0.357,0.31130598407963656,0.04569401592036343
19864,2023,0.368,0.3233614256077382,0.04463857439226182
24064,2023,0.328,0.3240661143152423,0.003933885684757721
5361,2022,0.359,0.3523148475349956,0.006685152465004396
12564,2024,0.373,0.28331948141748675,0.08968051858251325
20126,2024,0.288,0.27804075606375106,0.009959243936248918
21558,2023,0.321,0.32330544104634806,-0.0023054410463480557
14968,2024,0.31,0.3008085101168446,0.00919148988315538
17548,2023,0.284,0.27683778886904753,0.007162211130952445
15676,2022,0.35,0.3111583929558527,0.0388416070441473
17548,2022,0.325,0.29996831208832814,0.025031687911671874
16357,2023,0.315,0.27575260703714616,0.039247392962853844
14111,2023,0.268,0.28674883772796206,-0.018748837727962042
29622,2023,0.286,0.28419519239561486,0.001804807604385117
17040,2022,0.273,0.26873769860750235,0.004262301392497669
18577,2022,0.307,0.3296424068064056,-0.022642406806405613
15674,2023,0.366,0.29897210368821375,0.06702789631178624
17452,2023,0.269,0.2714967558272325,-0.0024967558272324664
21479,2022,0.3,0.30310367650532155,-0.003103676505321562
10200,2023,0.313,0.2520029139444874,0.06099708605551263
16478,2024,0.301,0.2809693944680525,0.020030605531947465
27615,2023,0.261,0.30454813610786086,-0.043548136107860846
13620,2023,0.274,0.26197918661169495,0.012020813388305074
11680,2022,0.27,0.27041524346915935,-0.0004152434691593321
21987,2023,0.284,0.24361028667799392,0.040389713322006054
20521,2022,0.286,0.31795192079987555,-0.03195192079987558
26668,2023,0.336,0.34421090736175275,-0.008210907361752728
17022,2022,0.304,0.31377614576038493,-0.009776145760384936
14813,2023,0.311,0.30392985447230575,0.007070145527694249
21454,2022,0.248,0.2857541636582207,-0.03775416365822071
18345,2022,0.261,0.28475881002358183,-0.023758810023581822
26288,2022,0.291,0.3012027491800001,-0.010202749180000137
15223,2024,0.246,0.30531521032961245,-0.059315210329612456
19901,2024,0.281,0.2837438993339082,-0.002743899333908173
4314,2022,0.257,0.2793365368278237,-0.022336536827823716
20308,2023,0.283,0.2762616414410496,0.006738358558950386
20017,2024,0.232,0.2991885539710834,-0.06718855397108339
20332,2022,0.316,0.28784808752287083,0.02815191247712917
25816,2023,0.246,0.25121083943688405,-0.005210839436884052
19918,2024,0.262,0.2537840700180111,0.00821592998198889
16442,2024,0.282,0.29533595082985276,-0.013335950829852783
13419,2022,0.248,0.27373800925254965,-0.025738009252549654
12510,2024,0.235,0.24089585800809452,-0.005895858008094529
19953,2022,0.336,0.3165715999535786,0.019428400046421435
22197,2024,0.241,0.27216235618039375,-0.031162356180393758
13755,2022,0.314,0.3083186656671612,0.005681334332838794
13145,2024,0.286,0.28273110459147904,0.003268895408520933
23359,2022,0.281,0.28097030038004717,2.9699619952860967e-05
10472,2022,0.257,0.2584751466466636,-0.0014751466466635943
15112,2024,0.32,0.3175651628864814,0.0024348371135186064
23667,2023,0.297,0.33730168248457326,-0.040301682484573276
6887,2023,0.26,0.2770249215168125,-0.017024921516812508
10441,2024,0.299,0.2649109006759995,0.034089099324000505
15279,2024,0.296,0.320533906333943,-0.024533906333943034
10815,2022,0.272,0.30143945092807456,-0.02943945092807454
13602,2023,0.237,0.2623524659085237,-0.02535246590852369
14477,2023,0.27,0.30233264351946565,-0.03233264351946563
5452,2023,0.169,0.2937005143757807,-0.1247005143757807
13152,2023,0.31,0.2934062349314525,0.016593765068547484
22542,2024,0.301,0.31063345506152484,-0.009633455061524854
18821,2023,0.292,0.33465185075312764,-0.04265185075312766
11342,2023,0.261,0.24119281827952105,0.01980718172047896
5000,2022,0.168,0.25847729682765763,-0.09047729682765762
17907,2023,0.316,0.291535952033128,0.024464047966872016
12533,2024,0.25,0.2712368344732098,-0.021236834473209787
15117,2022,0.298,0.2884056724761096,0.009594327523890389
26368,2022,0.216,0.2750544153305382,-0.05905441533053821
11899,2023,0.268,0.289960065126599,-0.021960065126598982
10324,2024,0.359,0.3135407122211427,0.04545928777885727
19858,2024,0.339,0.32229582147630736,0.01670417852369266
22186,2024,0.3,0.33059103634828985,-0.030591036348289857
16930,2024,0.246,0.2698931551198026,-0.02389315511980261
9627,2023,0.309,0.29847058231738177,0.010529417682618225
20543,2023,0.352,0.29495309277478376,0.057046907225216215
21558,2024,0.303,0.29481683305333833,0.008183166946661657
25782,2024,0.295,0.29270041657182166,0.00229958342817832
19955,2024,0.312,0.3112137926661683,0.0007862073338317233
21840,2024,0.319,0.28299159701287474,0.036008402987125265
29617,2024,0.233,0.21824878265124845,0.014751217348751566
21897,2023,0.303,0.27836657255128605,0.02463342744871394
25961,2022,0.303,0.2606958727319612,0.04230412726803878
20503,2022,0.344,0.28034651112996195,0.06365348887003802
16442,2023,0.34,0.3113147373045793,0.02868526269542071
14567,2022,0.313,0.3229488423063036,-0.009948842306303607
15653,2022,0.263,0.26464619177640597,-0.0016461917764059586
16535,2023,0.233,0.219222303852741,0.013777696147259016
21270,2024,0.271,0.28015409655545265,-0.009154096555452629
2967,2022,0.304,0.307833297702446,-0.0038332977024460035
10243,2024,0.313,0.2696814291340232,0.04331857086597679
12859,2022,0.244,0.3091911630389392,-0.06519116303893918
28806,2024,0.32,0.32027315146388197,-0.0002731514638819599
25332,2023,0.281,0.2980974011609904,-0.0170974011609904
17273,2022,0.286,0.2949853615484152,-0.008985361548415227
24589,2022,0.28,0.27737401892437896,0.0026259810756210644
20123,2024,0.298,0.31265002002545517,-0.01465002002545518
18795,2022,0.287,0.2867161773035612,0.00028382269643878466
17907,2024,0.338,0.30413223627499925,0.03386776372500078
15487,2022,0.322,0.3130187698172727,0.008981230182727284
21454,2024,0.281,0.3115706974422481,-0.03057069744224805
25816,2022,0.294,0.2737709622861805,0.02022903771381951
16451,2024,0.26,0.3127396337728359,-0.052739633772835914
21562,2022,0.354,0.2884148297293442,0.0655851702706558
15482,2022,0.277,0.2517654357834641,0.025234564216535915
18314,2024,0.3,0.2864327140691779,0.01356728593082207
12856,2024,0.245,0.28874078614012705,-0.04374078614012705
17992,2022,0.268,0.2673528290705565,0.0006471709294434969
19290,2023,0.31,0.2961096269782648,0.01389037302173518
13770,2024,0.359,0.3023406247210433,0.0566593752789567
19522,2024,0.229,0.2612853798132747,-0.0322853798132747
23690,2024,0.245,0.28350572430954657,-0.038505724309546574
18345,2024,0.282,0.28955016243912546,-0.007550162439125485
15640,2024,0.367,0.3325066626176494,0.03449333738235061
15464,2022,0.281,0.2644473899410907,0.016552610058909345
17484,2024,0.285,0.2767627485301092,0.008237251469890794
16622,2023,0.25,0.21837083941680926,0.031629160583190735
19864,2024,0.296,0.28153288195990706,0.01446711804009293
27465,2022,0.255,0.2772236205253336,-0.02222362052533361
18042,2023,0.28,0.24456083151932725,0.03543916848067277
16426,2023,0.331,0.3000275677499326,0.030972432250067405
18015,2024,0.285,0.2896164595824356,-0.004616459582435617
10681,2024,0.278,0.3022417767290441,-0.024241776729044096
20043,2023,0.314,0.2888686315705359,0.025131368429464118
15674,2022,0.332,0.2727669716593789,0.05923302834062111
5827,2022,0.246,0.26132833034378666,-0.015328330343786667
19318,2024,0.306,0.2805312596232324,0.025468740376767607
17893,2023,0.246,0.2814394101436302,-0.03543941014363022
12861,2023,0.268,0.2939209157031692,-0.02592091570316918
26323,2024,0.26,0.281777746001591,-0.021777746001590992
24617,2022,0.302,0.29124191473652355,0.010758085263476436
17929,2022,0.299,0.2746309790470665,0.024369020952933473
9077,2022,0.229,0.2657067431028489,-0.03670674310284891
19260,2022,0.289,0.28888291295287327,0.00011708704712670714
11737,2022,0.326,0.2894911864594175,0.036508813540582497
24336,2024,0.297,0.27230562011713105,0.024694379882868933
13419,2023,0.272,0.2720309419735739,-3.094197357389472e-05
20437,2023,0.354,0.28649128950108543,0.06750871049891455
6184,2023,0.324,0.33280105738002486,-0.008801057380024846
29715,2024,0.199,0.25240114442672074,-0.053401144426720726
15112,2023,0.326,0.34700271285830386,-0.02100271285830385
19755,2022,0.32,0.3127456142933058,0.007254385706694233
26396,2022,0.244,0.2816153962507708,-0.037615396250770816
26031,2022,0.35,0.3137230935509362,0.036276906449063784
25505,2023,0.346,0.28146891773054283,0.06453108226945714
20287,2024,0.317,0.2906369002437862,0.026363099756213815
22558,2023,0.359,0.3484151747982301,0.010584825201769898
15362,2024,0.256,0.2768058976915284,-0.020805897691528408
16512,2023,0.289,0.33269126413737304,-0.043691264137373065
12861,2024,0.257,0.274843297711258,-0.017843297711257977
21618,2023,0.296,0.32110952929226794,-0.02510952929226795
19566,2024,0.324,0.32219955476817497,0.001800445231825043
27630,2024,0.216,0.253151448725055,-0.03715144872505502
10047,2022,0.357,0.3052572529573643,0.051742747042635706
14813,2022,0.286,0.3124038200539108,-0.026403820053910843
15223,2023,0.258,0.30851859576669693,-0.05051859576669693
19296,2024,0.403,0.3098214909011331,0.09317850909886694
11200,2022,0.263,0.31008897730703916,-0.04708897730703915
11493,2024,0.302,0.2879253724888619,0.014074627511138083
9929,2022,0.258,0.2783592253028559,-0.020359225302855888
15271,2023,0.286,0.27116421843027605,0.014835781569723927
19956,2023,0.397,0.3099393672760512,0.08706063272394882
25807,2024,0.279,0.2842546470437797,-0.005254647043779648
19997,2024,0.265,0.2927714340980925,-0.027771434098092462
21716,2023,0.323,0.28017651778046343,0.04282348221953658
19334,2022,0.326,0.3275153148978274,-0.0015153148978274134
11493,2022,0.337,0.3014077090622757,0.035592290937724314
15194,2024,0.279,0.2873675155776764,-0.008367515577676399
17128,2024,0.35,0.31450181739984484,0.03549818260015514
21479,2024,0.297,0.30468641567782495,-0.007686415677824965
14161,2022,0.244,0.2746679803987935,-0.030667980398793482
26123,2023,0.28,0.3203051112812216,-0.04030511128122155
12155,2023,0.3,0.301216080043722,-0.0012160800437220343
24770,2023,0.343,0.2909856354286374,0.052014364571362603
22532,2024,0.227,0.2738742450597984,-0.0468742450597984
5517,2024,0.237,0.27489445060573575,-0.03789445060573576
13620,2024,0.266,0.24934286214243448,0.016657137857565535
18363,2024,0.37,0.30003925621967237,0.06996074378032763
12916,2023,0.277,0.28850948436841095,-0.011509484368410927
17954,2024,0.311,0.29960622727646746,0.011393772723532536
20454,2022,0.294,0.3043092704263216,-0.010309270426321626
7739,2023,0.258,0.2963234043640314,-0.038323404364031366
11281,2024,0.257,0.3007355468877141,-0.04373554688771408
5361,2023,0.37,0.34549578088381544,0.024504219116184556
24618,2022,0.259,0.2692247876073023,-0.010224787607302277
21534,2023,0.273,0.26999752533004623,0.003002474669953792
12861,2022,0.258,0.29132648863718247,-0.03332648863718246
27479,2023,0.196,0.24818061965351396,-0.05218061965351395
14566,2022,0.307,0.29794922392315976,0.009050776076840239
20178,2024,0.177,0.2528494492397103,-0.07584944923971032
19318,2023,0.272,0.29642372099784864,-0.02442372099784862
17838,2023,0.245,0.2642552191391946,-0.01925521913919459
15464,2023,0.27,0.2532248712558956,0.016775128744104417
11476,2022,0.281,0.2759315391026146,0.005068460897385441
11445,2022,0.309,0.29164753082124484,0.01735246917875516
21618,2022,0.319,0.3253714755903225,-0.006371475590322473
3516,2022,0.304,0.29003668051347153,0.013963319486528458
19251,2022,0.279,0.2825623279465495,-0.0035623279465494817
16909,2022,0.234,0.297657740971392,-0.06365774097139201
15172,2022,0.347,0.3522255343623949,-0.0052255343623949235
10200,2022,0.296,0.2507844564066048,0.04521554359339519
12161,2024,0.297,0.2813229508557948,0.015677049144205202
16535,2022,0.255,0.24465185596004682,0.010348144039953183
15711,2022,0.277,0.2958319060594148,-0.01883190605941476
17929,2024,0.261,0.26570404615573884,-0.004704046155738828
30116,2022,0.326,0.3030974268818146,0.022902573118185388
22275,2023,0.284,0.28136356904141235,0.002636430958587621
20123,2023,0.296,0.29468060523750683,0.0013193947624931535
1744,2023,0.317,0.3070409956914776,0.009959004308522423
19326,2024,0.33,0.3233609184765057,0.006639081523494295
27577,2023,0.253,0.2947310462933478,-0.041731046293347784
21622,2023,0.305,0.3157568298773801,-0.01075682987738008
10028,2024,0.245,0.25826164190085327,-0.013261641900853272
23312,2023,0.347,0.31513151792498384,0.031868482075016136
7007,2022,0.234,0.2713821711553898,-0.037382171155389804
11899,2022,0.31,0.29717436891711185,0.012825631082888145
18900,2022,0.344,0.30684658997979924,0.03715341002020073
12147,2023,0.278,0.31732757105270687,-0.039327571052706845
31837,2023,0.316,0.31300890039260026,0.0029910996073997387
21853,2023,0.391,0.3163282469244733,0.0746717530755267
19354,2024,0.305,0.29379782829602913,0.011202171703970865
5235,2023,0.304,0.29844403146977,0.005555968530229993
19562,2023,0.255,0.2511017883123372,0.0038982116876628004
16434,2022,0.326,0.3334197969540009,-0.007419796954000912
15941,2022,0.284,0.2903758870262985,-0.006375887026298543
12984,2022,0.251,0.2736783770171263,-0.022678377017126272
3473,2023,0.298,0.294840595431151,0.0031594045688490002
29575,2024,0.267,0.24976817473558066,0.017231825264419354
16252,2022,0.342,0.30634716350551167,0.03565283649448836
24610,2022,0.323,0.2977825377327517,0.025217462267248303
18882,2022,0.263,0.28646916900741926,-0.023469169007419244
11368,2024,0.248,0.2776891635652296,-0.029689163565229604
22054,2024,0.379,0.31373596389647,0.06526403610352999
18373,2022,0.303,0.31160281363797665,-0.008602813637976658
26149,2024,0.273,0.28635664474791167,-0.01335664474791165
16622,2024,0.25,0.24554793761916519,0.004452062380834815
11368,2023,0.284,0.2702824009712862,0.013717599028713778
19326,2022,0.306,0.30810494809585837,-0.002104948095858372
11281,2022,0.276,0.28696880670789426,-0.01096880670789424
4949,2022,0.227,0.2612372787474815,-0.034237278747481475
15674,2024,0.26,0.2717456233818385,-0.011745623381838488
17161,2023,0.258,0.2798630433503073,-0.02186304335030731
22871,2022,0.27,0.2714870867892365,-0.0014870867892364803
13152,2022,0.269,0.2803371829147334,-0.011337182914733401
5497,2022,0.222,0.29460286558211407,-0.07260286558211407
14130,2022,0.29,0.289478433170358,0.0005215668296419951
22715,2024,0.268,0.31962392299855025,-0.05162392299855023
25764,2024,0.354,0.29614564057779635,0.05785435942220363
12434,2023,0.255,0.30845484738873247,-0.05345484738873246
16530,2024,0.299,0.28741066049875785,0.011589339501242135
20970,2022,0.345,0.30441245167903974,0.04058754832096023
13355,2024,0.268,0.2936715548055166,-0.025671554805516583
18433,2022,0.29,0.2879459570689188,0.0020540429310811903
26123,2024,0.29,0.242353444208081,0.04764655579191898
17684,2022,0.27,0.309959002502217,-0.039959002502216956
30011,2024,0.247,0.2754466775452619,-0.028446677545261922
16578,2022,0.323,0.307846956282221,0.015153043717779036
16153,2022,0.361,0.3328081840796321,0.028191815920367902
11281,2023,0.313,0.2976702568142405,0.015329743185759526
15640,2022,0.34,0.30369673802804853,0.036303261971951495
20202,2024,0.348,0.33511397565660117,0.012886024343398805
23312,2024,0.211,0.2567456684256881,-0.045745668425688085
14162,2022,0.339,0.28850737586017766,0.05049262413982236
17919,2023,0.299,0.3053614752547004,-0.006361475254700433
18030,2023,0.261,0.27124941306500655,-0.01024941306500654
25180,2024,0.306,0.31169923145007367,-0.005699231450073672
22263,2023,0.296,0.2988127392365735,-0.0028127392365734916
22563,2024,0.316,0.3345974572467832,-0.01859745724678319
24703,2023,0.221,0.3185886859566798,-0.09758868595667977
22896,2024,0.303,0.30422757168525916,-0.0012275716852591656
21797,2024,0.237,0.23278391417220015,0.004216085827799837
12179,2022,0.262,0.2746093637985135,-0.012609363798513462
8090,2024,0.333,0.29405668235947896,0.03894331764052106
13897,2022,0.243,0.2666127804336166,-0.023612780433616587
15878,2022,0.28,0.2896743986009123,-0.009674398600912293
16535,2024,0.227,0.22770189594842263,-0.0007018959484226261
19600,2024,0.289,0.30562332829124944,-0.016623328291249462
19997,2023,0.285,0.296412382136773,-0.011412382136773036
14366,2024,0.281,0.26540013906385695,0.015599860936143073
15905,2022,0.31,0.3272032328030085,-0.017203232803008506
15351,2022,0.261,0.26766881468446513,-0.006668814684465119
18400,2022,0.283,0.23058204811870428,0.052417951881295693
21534,2024,0.251,0.2617461082444712,-0.010746108244471198
26224,2024,0.234,0.25010821841230524,-0.016108218412305225
23772,2024,0.326,0.28150692115442627,0.04449307884557374
22558,2022,0.167,0.23262250868083728,-0.06562250868083727
21707,2022,0.305,0.28861530501775695,0.016384694982243042
9218,2022,0.368,0.28820612760969505,0.07979387239030494
7859,2023,0.307,0.30119372482669726,0.005806275173302733
4940,2022,0.26,0.26019806832328146,-0.00019806832328145285
29576,2024,0.186,0.28695464497400236,-0.10095464497400236
27465,2023,0.269,0.28135363133404884,-0.01235363133404882
12552,2022,0.302,0.2837192277838122,0.01828077221618779
21780,2023,0.315,0.29544157619294903,0.019558423807050973
14773,2023,0.169,0.29513453076494933,-0.12613453076494932
11493,2023,0.268,0.25738821215357155,0.010611787846428467
31394,2024,0.272,0.27353049003877605,-0.0015304900387760334
23789,2024,0.333,0.29359031335922764,0.03940968664077238
14344,2023,0.302,0.2919109205824666,0.010089079417533398
22169,2022,0.276,0.31036736149593724,-0.03436736149593722
31567,2024,0.247,0.29629897227563456,-0.04929897227563457
11442,2022,0.257,0.2547895928963603,0.0022104071036397333
8709,2022,0.272,0.2810185325370161,-0.009018532537016066
20536,2024,0.276,0.28239104900259876,-0.0063910490025987365
17276,2024,0.167,0.2168662376085544,-0.04986623760855438
12979,2024,0.22,0.28174024288478,-0.06174024288478
29788,2024,0.158,0.21506688644316818,-0.05706688644316818
21501,2024,0.304,0.29847213244934484,0.005527867550655152
19470,2023,0.275,0.2975521010161331,-0.022552101016133086
8259,2022,0.194,0.23520987808350405,-0.04120987808350404
15998,2024,0.287,0.2645307502885715,0.022469249711428496
19470,2022,0.308,0.3088281936892986,-0.0008281936892985953
11445,2024,0.298,0.2727158791682356,0.0252841208317644
21853,2024,0.282,0.285496007087763,-0.0034960070877630423
23792,2024,0.2,0.3240889499384133,-0.1240889499384133
20054,2022,0.235,0.2914724506876798,-0.05647245068767981
9774,2022,0.31,0.2985040750489853,0.011495924951014702
15711,2023,0.284,0.2937643847349104,-0.009764384734910425
25660,2023,0.296,0.305437441052741,-0.009437441052741025
19455,2024,0.298,0.2921974310740329,0.005802568925967089
16725,2023,0.221,0.2761896072433589,-0.05518960724335889
19287,2023,0.28,0.27825330196926784,0.0017466980307321855
12532,2022,0.28,0.2944761931231695,-0.0144761931231695
19363,2024,0.318,0.28777086478562275,0.030229135214377256
25353,2024,0.267,0.23805109812397876,0.028948901876021255
16426,2024,0.249,0.2836016886202931,-0.034601688620293114
16572,2022,0.296,0.3018773898620411,-0.005877389862041116
9777,2023,0.279,0.2838885218152098,-0.004888521815209768
28163,2024,0.289,0.2542920324386321,0.0347079675613679
10264,2023,0.37,0.294751648524786,0.07524835147521397
11477,2023,0.342,0.3517022080473476,-0.00970220804734756
14712,2024,0.273,0.28262902873791945,-0.009629028737919432
13770,2023,0.316,0.31910897896359586,-0.0031089789635958542
15491,2022,0.275,0.29808756397060354,-0.02308756397060352
13324,2023,0.259,0.28237729213299023,-0.023377292132990224
23697,2022,0.345,0.2989084567191539,0.04609154328084608
18564,2023,0.264,0.289019308430991,-0.025019308430990983
19928,2023,0.354,0.3040833104942743,0.0499166895057257
7859,2024,0.293,0.28948272973139055,0.0035172702686094293
19326,2023,0.304,0.3283095982050974,-0.024309598205097427
25768,2024,0.285,0.28739537449418884,-0.002395374494188862
15653,2024,0.301,0.2857446432840116,0.015255356715988377
9847,2022,0.278,0.28728472930182164,-0.009284729301821615
17040,2023,0.292,0.29897903979330603,-0.006979039793306052
13265,2022,0.185,0.25093792608146004,-0.06593792608146004
18365,2022,0.214,0.2464309444372913,-0.032430944437291304
18373,2024,0.327,0.32221655939928917,0.004783440600710842
11489,2024,0.288,0.3073954479725349,-0.019395447972534896
15676,2023,0.276,0.2807365853152165,-0.004736585315216479
14161,2024,0.338,0.30162436070159915,0.036375639298400875
24617,2024,0.345,0.31310371807900667,0.03189628192099331
25878,2023,0.325,0.3034625677458304,0.021537432254169597
14712,2022,0.332,0.30734604827104084,0.024653951728959178
19960,2022,0.242,0.27670077230758544,-0.03470077230758545
29617,2023,0.273,0.2815517105659866,-0.008551710565986581
19470,2024,0.257,0.2958517019916396,-0.03885170199163962
21837,2024,0.264,0.269631503430414,-0.005631503430413964
15711,2024,0.305,0.2577474235708187,0.04725257642918129
22261,2022,0.389,0.2604761860864982,0.12852381391350182
14854,2023,0.286,0.28704580111429717,-0.0010458011142971957
13329,2022,0.321,0.2835317229348518,0.037468277065148214
22581,2022,0.299,0.30877176012830604,-0.00977176012830605
13723,2022,0.28,0.2660664362722195,0.01393356372778054
21558,2022,0.29,0.32222868003556426,-0.03222868003556428
14274,2022,0.293,0.2776018046345052,0.015398195365494804
12564,2022,0.309,0.2849205798748699,0.02407942012513009
17338,2022,0.288,0.29655927672527027,-0.008559276725270293
20321,2022,0.328,0.28497417149814025,0.043025828501859764
19296,2022,0.278,0.28192788143307,-0.003927881433069991
21707,2024,0.286,0.28805189001328213,-0.002051890013282154
22581,2024,0.276,0.31015461764994123,-0.03415461764994121
26396,2023,0.222,0.2756943289720663,-0.0536943289720663
20043,2024,0.31,0.29710125361440054,0.012898746385599458
10323,2022,0.285,0.27904677150512003,0.005953228494879947
5452,2022,0.32,0.30936943647075255,0.010630563529247461
26438,2024,0.229,0.2417415895535008,-0.012741589553500798
18063,2022,0.277,0.2908156978743106,-0.013815697874310584
19296,2023,0.23,0.244170236448199,-0.01417023644819898
21501,2023,0.295,0.29823144047574013,-0.003231440475740144
25479,2023,0.295,0.30894788597887285,-0.013947885978872865
19892,2024,0.28,0.29091924426161403,-0.010919244261614003
23667,2022,0.29,0.32370630548545076,-0.03370630548545078
25690,2024,0.317,0.3115146042433895,0.0054853957566105005
19599,2023,0.331,0.3057392143662589,0.025260785633741123
18036,2024,0.274,0.29866810559257884,-0.024668105592578815
14274,2023,0.27,0.30389486098992224,-0.033894860989922226
12160,2022,0.291,0.3152712155475761,-0.024271215547576108
13675,2024,0.309,0.29532331484098023,0.013676685159019764
10762,2022,0.301,0.2883973181685724,0.012602681831427598
13723,2024,0.324,0.2873104014209592,0.036689598579040805
19252,2024,0.288,0.2738279254198089,0.014172074580191096
17350,2024,0.323,0.3278815296094384,-0.004881529609438384
22514,2023,0.317,0.2932533762156863,0.023746623784313692
5933,2023,0.251,0.28862711954616843,-0.03762711954616843
9627,2022,0.252,0.28877123028806956,-0.036771230288069556
22799,2022,0.243,0.2949273647013132,-0.051927364701313206
20505,2023,0.321,0.3108509357694281,0.01014906423057188
22209,2022,0.333,0.31139169420054885,0.021608305799451166
6887,2024,0.15,0.21133873777456472,-0.06133873777456472
20056,2023,0.286,0.3083144678488114,-0.022314467848811415
5933,2022,0.307,0.2958292205871827,0.0111707794128173
19896,2023,0.341,0.3089255151456121,0.03207448485438791
17696,2023,0.28,0.31776175345415586,-0.03776175345415583
14111,2022,0.316,0.2737968915696672,0.042203108430332814
24679,2023,0.311,0.33516994935383126,-0.024169949353831266
9218,2024,0.308,0.3218463903300407,-0.013846390330040703
5343,2023,0.241,0.2773206774407279,-0.03632067744072792
22799,2023,0.295,0.27610121925253117,0.018898780747468813
8623,2023,0.366,0.3371670127969002,0.02883298720309979
13768,2024,0.255,0.27651207485578966,-0.021512074855789654
12976,2023,0.236,0.2791164012913983,-0.04311640129139832
16530,2022,0.221,0.2552464532157164,-0.03424645321571637
14128,2023,0.244,0.21414561220055464,0.029854387799445353
22197,2023,0.311,0.3037277830756139,0.007272216924386121
21523,2024,0.293,0.29907098703278145,-0.006070987032781472
21562,2024,0.338,0.3320628031742993,0.005937196825700708
27647,2024,0.303,0.3154573868745792,-0.012457386874579202
23359,2024,0.237,0.25662049725022257,-0.01962049725022258
15362,2022,0.353,0.3015178006019468,0.05148219939805321
19858,2022,0.285,0.2719147636144302,0.013085236385569798
27899,2024,0.306,0.3047730980338145,0.0012269019661854674
19997,2022,0.3,0.29326228109668406,0.006737718903315926
21454,2023,0.307,0.3129042963837188,-0.00590429638371881
14128,2022,0.219,0.26543285562124697,-0.046432855621246966
16947,2024,0.32,0.3297320539960588,-0.00973205399605881
13355,2023,0.29,0.28219052953304086,0.007809470466959123
19698,2023,0.289,0.28468054163460826,0.004319458365391715
25569,2023,0.291,0.3247803466190753,-0.03378034661907531
16337,2022,0.34,0.3329554859460509,0.007044514053949125
12927,2022,0.317,0.301938071222481,0.015061928777518996
23697,2023,0.33,0.31028785898444405,0.019712141015555962
24336,2023,0.41,0.30105385480756763,0.10894614519243234
18564,2024,0.217,0.21728750105742442,-0.0002875010574244219
5827,2023,0.286,0.269553360459224,0.016446639540775965
19734,2022,0.323,0.32165446360032734,0.0013455363996726644
21897,2024,0.233,0.25047111303915126,-0.017471113039151248
19252,2023,0.304,0.2909592413738476,0.013040758626152393
6184,2022,0.345,0.3082405765569327,0.03675942344306726
17484,2022,0.337,0.2893165023106691,0.047683497689330945
16434,2023,0.295,0.2842204803959174,0.010779519604082577
21524,2022,0.326,0.29196964192481556,0.03403035807518445
13185,2023,0.301,0.2828474823934279,0.018152517606572105
16725,2022,0.274,0.2713628470683282,0.0026371529316718267
18900,2023,0.318,0.32131451130979066,-0.0033145113097906576
21865,2023,0.267,0.2667784847522133,0.00022151524778674103
12977,2022,0.145,0.2395496696753285,-0.09454966967532852
25931,2024,0.3,0.3191969839927217,-0.019196983992721683
26299,2022,0.278,0.32924038486959073,-0.051240384869590705
11477,2024,0.366,0.3301697045417851,0.03583029545821487
19363,2023,0.345,0.28633222430599,0.058667775694009994
14366,2022,0.371,0.34226046438765345,0.028739535612346545
31347,2024,0.295,0.2794054438021289,0.01559455619787109
16578,2024,0.314,0.30084063852899146,0.013159361471008546
19734,2023,0.313,0.3046388459471108,0.008361154052889175
18839,2022,0.268,0.28318216085193465,-0.015182160851934634
21711,2022,0.317,0.29424802335905426,0.022751976640945748
22275,2022,0.324,0.2544222076248103,0.06957779237518968
14274,2024,0.276,0.2928319555883412,-0.016831955588341163
19892,2023,0.209,0.28615277987539045,-0.07715277987539046
12147,2024,0.288,0.25869777984656545,0.029302220153434533
14773,2022,0.29,0.26096841804662624,0.029031581953373742
15223,2022,0.268,0.2980869885023523,-0.030086988502352308
18360,2022,0.315,0.32073075067927254,-0.005730750679272534
16451,2022,0.317,0.34113404584597007,-0.024134045845970065
17452,2024,0.261,0.28653816333331183,-0.025538163333311825
29782,2024,0.271,0.3202635809470711,-0.04926358094707106
17919,2024,0.299,0.3009052177606516,-0.0019052177606516119
21987,2022,0.284,0.2853550651281602,-0.0013550651281602488
26121,2023,0.222,0.23931126776347128,-0.017311267763471277
22557,2024,0.322,0.30452948499609883,0.017470515003901177
27506,2022,0.29,0.28303102529858176,0.006968974701418218
18360,2023,0.324,0.29762774226147515,0.026372257738524862
9874,2022,0.285,0.2969400778251953,-0.01194007782519535
18363,2022,0.292,0.28280306787236853,0.009196932127631452
2434,2022,0.295,0.3111550355625313,-0.01615503556253134
18067,2023,0.265,0.23257884295533576,0.03242115704466425
9777,2022,0.29,0.2666284016286979,0.023371598371302094
8623,2022,0.349,0.33997286709513075,0.009027132904869228
12916,2022,0.301,0.2845579395857963,0.016442060414203707
4892,2023,0.296,0.28099041555165055,0.015009584448349433
13602,2024,0.207,0.22295609566717767,-0.015956095667177678
8623,2024,0.346,0.30496150705844743,0.04103849294155254
10323,2023,0.3,0.2929666401093689,0.007033359890631086
12037,2023,0.349,0.3306802430116407,0.018319756988359304
8418,2022,0.233,0.2756833295782498,-0.0426833295782498
9241,2024,0.333,0.3422313193653617,-0.009231319365361701
26466,2023,0.328,0.2920032403344125,0.03599675966558752
20503,2023,0.348,0.30119032480340746,0.046809675196592515
13836,2022,0.313,0.2888350182332395,0.024164981766760518
24617,2023,0.381,0.3433408168472425,0.037659183152757514
27815,2024,0.305,0.3086627216469658,-0.003662721646965794
19458,2022,0.255,0.2880633015833909,-0.03306330158339088
20202,2022,0.36,0.3335396438922382,0.026460356107761762
16403,2022,0.292,0.28138011173378125,0.010619888266218735
15937,2023,0.273,0.2778978218556634,-0.004897821855663398
19197,2022,0.276,0.2886430217019946,-0.01264302170199455
19611,2022,0.289,0.29836986413139166,-0.00936986413139168
12984,2023,0.173,0.23910571141476453,-0.06610571141476454
13152,2024,0.274,0.29405819394027005,-0.02005819394027003
27790,2024,0.227,0.2691126422421087,-0.04211264224210867
19556,2022,0.32,0.3183346741059217,0.0016653258940783067
20126,2023,0.256,0.2882742058118719,-0.0322742058118719
19864,2022,0.22,0.25007698316830584,-0.030076983168305843
11342,2022,0.278,0.28915826970960345,-0.01115826970960343
15878,2024,0.319,0.2745649136422405,0.0444350863577595
18900,2024,0.272,0.2952972177628818,-0.023297217762881794
19612,2024,0.269,0.3293847650800012,-0.06038476508000118
31166,2024,0.339,0.2915859847535472,0.047414015246452834
15986,2023,0.259,0.27626444027024,-0.01726444027023999
21635,2023,0.206,0.2471071793063305,-0.04110717930633051
17766,2023,0.298,0.2542591180542779,0.043740881945722065
11737,2024,0.294,0.31418340837531133,-0.02018340837531135
13602,2022,0.274,0.25989885739928137,0.014101142600718652
15654,2023,0.274,0.2944144148350284,-0.02041441483502837
22458,2022,0.221,0.2921165512145079,-0.07111655121450791
20036,2024,0.259,0.2638376732183977,-0.004837673218397676
11038,2022,0.29,0.31769144178610287,-0.02769144178610289
29592,2024,0.311,0.318947536422024,-0.007947536422024004
17988,2022,0.409,0.3344986757853093,0.07450132421469069
20056,2022,0.337,0.287661630422226,0.049338369577774044
27676,2022,0.306,0.2838991087236367,0.022100891276363277
31431,2024,0.282,0.3243346654749739,-0.04233466547497394
