id,season,babip_actual,babip_pred,residual
10472,2024,0.257,0.2820788445612661,-0.025078844561266078
22217,2023,0.331,0.28787217141456345,0.04312782858543657
27462,2024,0.314,0.3205214210220809,-0.00652142102208092
2136,2024,0.316,0.31332266152935917,0.002677338470640833
10155,2023,0.335,0.3173067518432909,0.01769324815670914
12371,2022,0.272,0.283112389502599,-0.011112389502598963
26299,2024,0.323,0.31532715973414704,0.007672840265852965
2136,2022,0.307,0.2938300981660276,0.013169901833972375
29518,2024,0.365,0.3690246132253049,-0.004024613225304896
22532,2023,0.275,0.3089730244971947,-0.03397302449719469
15161,2024,0.216,0.2333933488868744,-0.01739334888687441
16505,2023,0.319,0.26783054143836527,0.05116945856163474
18289,2022,0.291,0.29480036192446685,-0.0038003619244668663
11609,2023,0.311,0.3205210839307078,-0.009521083930707774
19273,2023,0.365,0.33928707217351056,0.02571292782648943
12976,2022,0.193,0.24565200147769617,-0.052652001477696164
25845,2022,0.338,0.31678551700326013,0.021214482996739892
23401,2024,0.301,0.2914319398947577,0.009568060105242304
9241,2023,0.303,0.3074425484667303,-0.004442548466730312
12856,2023,0.291,0.3033587987453283,-0.012358798745328303
11609,2022,0.27,0.2934623091292096,-0.023462309129209602
13185,2022,0.278,0.27071531018134837,0.007284689818651657
13145,2022,0.296,0.29065002971206716,0.005349970287932826
16622,2022,0.274,0.27637306586806676,-0.002373065868066737
19859,2023,0.317,0.2914048954853496,0.025595104514650413
29630,2024,0.331,0.3141315187564509,0.016868481243549116
20538,2022,0.307,0.2856154652839473,0.021384534716052672
27562,2024,0.261,0.28489090730640715,-0.02389090730640714
27676,2024,0.265,0.2711701544996095,-0.006170154499609504
20017,2023,0.31,0.35531674334267244,-0.04531674334267244
13853,2023,0.264,0.3296249816493154,-0.0656249816493154
8709,2023,0.294,0.29216155110046915,0.0018384488995308312
33333,2024,0.296,0.2866945915289961,0.009305408471003862
25878,2022,0.333,0.3286133672179423,0.004386632782057698
25543,2024,0.276,0.27941251308555237,-0.003412513085552349
26288,2024,0.272,0.28113821581943427,-0.009138215819434248
25768,2022,0.291,0.28917226809083924,0.0018277319091607458
20352,2024,0.266,0.2718123857578223,-0.00581238575782228
23003,2024,0.338,0.3198933342265199,0.018106665773480135
19238,2022,0.346,0.3205088587104295,0.025491141289570474
19913,2023,0.321,0.3497752818444556,-0.028775281844455602
12037,2022,0.308,0.30156713788856904,0.006432862111430959
19612,2023,0.355,0.36917250619431563,-0.014172506194315648
27478,2024,0.287,0.32163465502224176,-0.03463465502224178
21636,2023,0.323,0.30622639791404443,0.016773602085955575
4314,2023,0.212,0.2198443186937631,-0.00784431869376312
27684,2022,0.304,0.2858166376952565,0.01818336230474349
29622,2024,0.306,0.2821650245044956,0.023834975495504396
24679,2022,0.33,0.3322958723884516,-0.002295872388451581
13185,2024,0.249,0.25161704673172514,-0.0026170467317251367
15679,2023,0.249,0.274361190401729,-0.025361190401729017
5517,2022,0.246,0.2814715727088682,-0.03547157270886819
22515,2024,0.329,0.304212170298314,0.024787829701686026
26289,2024,0.32,0.33397114209781925,-0.013971142097819245
11579,2024,0.331,0.32180608880963985,0.009193911190360171
18042,2024,0.267,0.27450883487492583,-0.007508834874925818
14894,2022,0.259,0.2699059306390049,-0.010905930639004913
13419,2024,0.287,0.25975015648963373,0.027249843510366245
18030,2024,0.276,0.28342523083348037,-0.007425230833480345
26197,2022,0.301,0.28594851194252646,0.015051488057473528
19339,2024,0.288,0.28984420085892076,-0.0018442008589207859
15194,2023,0.268,0.28491620129696843,-0.016916201296968414
19734,2024,0.282,0.28026306564885356,0.001736934351146413
19955,2022,0.341,0.3138233935170746,0.027176606482925414
5760,2022,0.298,0.3037329332092462,-0.005732933209246227
22197,2022,0.258,0.28990237749754005,-0.031902377497540046
25845,2024,0.27,0.3231446249393515,-0.05314462493935146
15941,2023,0.184,0.25049056428324296,-0.06649056428324296
19892,2022,0.262,0.23600575826737816,0.025994241732621853
15279,2022,0.34,0.3340083773179261,0.005991622682073927
17338,2024,0.315,0.3087344207884321,0.0062655792115678954
27555,2024,0.359,0.3409137645791507,0.018086235420849306
17988,2024,0.307,0.29290130258289615,0.014098697417103845
12144,2024,0.3,0.28431448551008315,0.01568551448991684
2136,2023,0.296,0.318516726675037,-0.022516726675037013
14350,2022,0.315,0.31872710744871846,-0.0037271074487184586
5254,2023,0.292,0.2901161230126677,0.001883876987332278
26289,2023,0.306,0.31670598413226025,-0.01070598413226026
12282,2023,0.247,0.29717787253865235,-0.05017787253865236
5343,2022,0.28,0.2719982231173843,0.008001776882615719
9241,2022,0.34,0.3154057170552056,0.024594282944794432
18015,2023,0.264,0.28203633641800885,-0.018036336418008836
16219,2024,0.273,0.25668713567969964,0.01631286432030038
20308,2022,0.344,0.3127317364744623,0.03126826352553769
22117,2022,0.25,0.23509959400406505,0.014900405995934951
9256,2023,0.173,0.2241919902826538,-0.05119199028265381
7739,2022,0.306,0.28105487467137275,0.02494512532862725
14813,2024,0.252,0.27525347525958066,-0.023253475259580658
18819,2024,0.31,0.28581753701175094,0.024182462988249054
9847,2024,0.283,0.26842391361980783,0.014576086380192144
17678,2022,0.26,0.25800807815276217,0.001991921847237843
19262,2023,0.379,0.3209620018195075,0.05803799818049249
5827,2024,0.22,0.25592600903256957,-0.03592600903256957
27465,2024,0.285,0.22758611382292207,0.057413886177077905
17338,2023,0.328,0.30221680917031724,0.02578319082968278
19600,2023,0.307,0.3136927306899236,-0.006692730689923598
19921,2024,0.313,0.2809624573322148,0.03203754266778519
15585,2022,0.273,0.2693217967069803,0.0036782032930197106
13757,2023,0.327,0.30494988269023726,0.02205011730976275
9774,2024,0.257,0.28416734914546765,-0.027167349145467645
13338,2023,0.245,0.2836279142844682,-0.03862791428446821
21622,2022,0.349,0.3245869377161281,0.024413062283871856
33824,2024,0.273,0.29027223614111236,-0.01727223614111234
21614,2024,0.276,0.292915829667541,-0.01691582966754096
10472,2023,0.273,0.27068713812521034,0.0023128618747896845
19422,2022,0.232,0.27255228853766705,-0.04055228853766704
11579,2023,0.352,0.3436856231239337,0.008314376876066287
24488,2024,0.292,0.29009045637289776,0.001909543627102217
27769,2024,0.292,0.289029952818318,0.0029700471816819785
15271,2022,0.32,0.28736543987838586,0.03263456012161414
12859,2023,0.274,0.2965799531380547,-0.022579953138054665
14162,2024,0.343,0.2992334274312328,0.043766572568767204
3473,2024,0.259,0.27952814164189027,-0.020528141641890263
18564,2022,0.231,0.24900671604310176,-0.01800671604310175
12552,2024,0.309,0.3002302367766791,0.008769763223320903
25768,2023,0.279,0.293433864148787,-0.014433864148787001
19950,2022,0.353,0.299298238789339,0.053701761210661
17040,2024,0.3,0.2960069319067017,0.003993068093298302
13770,2022,0.394,0.342200679193504,0.05179932080649602
19197,2023,0.277,0.29170501358896866,-0.01470501358896864
18607,2022,0.281,0.2851963219579142,-0.004196321957914195
19198,2023,0.272,0.26895388971780004,0.0030461102821999764
13788,2022,0.348,0.3351821737351908,0.012817826264809151
15161,2022,0.228,0.24792115976198056,-0.019921159761980556
27735,2023,0.241,0.28960043098083316,-0.048600430980833165
19251,2023,0.205,0.25997982372520917,-0.05497982372520918
9368,2022,0.297,0.28210623904121884,0.014893760958781144
16623,2022,0.267,0.2663584160235866,0.0006415839764133957
15149,2023,0.327,0.2876622192183722,0.03933778078162781
15905,2024,0.273,0.3371052444981366,-0.0641052444981366
12155,2024,0.196,0.29421891923626886,-0.09821891923626885
18353,2024,0.25,0.2723256707509893,-0.02232567075098929
20325,2023,0.337,0.35548717022893905,-0.01848717022893903
19813,2022,0.374,0.3090496330834818,0.06495036691651818
15998,2023,0.319,0.2831084248500175,0.03589157514998248
13613,2022,0.276,0.2863751715618339,-0.010375171561833874
26517,2023,0.384,0.34059432240559107,0.04340567759440894
18067,2022,0.324,0.263672913935283,0.060327086064716984
27534,2023,0.371,0.3505828340738606,0.020417165926139402
21538,2024,0.246,0.23820338812860495,0.007796611871395048
26319,2024,0.322,0.28617606812601276,0.03582393187398725
13624,2023,0.34,0.31627939339181127,0.023720606608188755
19627,2023,0.317,0.2898043920309881,0.02719560796901188
16376,2024,0.277,0.278066111894283,-0.0010661118942829617
12927,2023,0.324,0.3089534527458148,0.015046547254185194
19556,2023,0.306,0.29956125407976664,0.0064387459202333575
5254,2024,0.275,0.29616043373166306,-0.021160433731663042
21560,2023,0.31,0.3088088549626392,0.0011911450373607857
11579,2022,0.324,0.32488173951565724,-0.0008817395156572316
16556,2022,0.27,0.2654507971916687,0.004549202808331321
20529,2024,0.333,0.32390809233304746,0.009091907666952559
24703,2024,0.306,0.2526504124981725,0.0533495875018275
26438,2023,0.237,0.28448334444909623,-0.04748334444909624
22244,2024,0.225,0.29044118853813544,-0.06544118853813544
11680,2024,0.317,0.2762765318463833,0.040723468153616715
22244,2023,0.29,0.27302611250150993,0.016973887498490048
19339,2022,0.265,0.32379712459638127,-0.058797124596381256
10028,2023,0.278,0.2532905513091626,0.02470944869083741
10762,2023,0.296,0.29142384140141186,0.00457615859858812
15274,2023,0.313,0.3299683223074442,-0.016968322307444217
19717,2022,0.301,0.2884583756611176,0.012541624338882396
19392,2022,0.257,0.3195494353145574,-0.06254943531455737
19293,2024,0.232,0.272182106313038,-0.04018210631303801
22542,2023,0.259,0.262143241339244,-0.003143241339243985
15794,2022,0.347,0.3365968153402385,0.010403184659761477
23359,2023,0.221,0.2492992694827791,-0.02829926948277911
10155,2022,0.323,0.2788547213604388,0.04414527863956119
23800,2024,0.306,0.2799573228409865,0.026042677159013483
17321,2022,0.294,0.2632975094173387,0.03070249058266128
17982,2024,0.277,0.2766106104280836,0.0003893895719164209
24679,2024,0.3,0.2990352725150068,0.0009647274849932108
11739,2023,0.307,0.294836632543895,0.012163367456104968
5038,2023,0.115,0.20013601545760307,-0.08513601545760306
12927,2024,0.267,0.3079367509126805,-0.04093675091268051
15491,2023,0.314,0.2970245877347086,0.016975412265291423
5913,2022,0.255,0.29475919969549286,-0.03975919969549285
24610,2023,0.294,0.32361542805923615,-0.02961542805923617
7802,2023,0.255,0.296472034576547,-0.04147203457654702
15986,2022,0.278,0.2870682485213335,-0.009068248521333477
16337,2024,0.271,0.3001822639524065,-0.029182263952406473
19779,2024,0.318,0.25188355605298723,0.06611644394701277
20036,2023,0.257,0.26537812272691813,-0.008378122726918125
13620,2022,0.247,0.2806564072483347,-0.033656407248334685
25660,2024,0.287,0.29186936737867075,-0.004869367378670775
11609,2024,0.337,0.31051144074631504,0.026488559253684985
9952,2023,0.271,0.2728153936373257,-0.0018153936373256907
4892,2022,0.272,0.24005001427148312,0.0319499857285169
25816,2024,0.252,0.2731338373179418,-0.021133837317941773
17901,2024,0.245,0.27009060954713066,-0.02509060954713066
19556,2024,0.317,0.29578159439110624,0.021218405608893764
13590,2024,0.304,0.3105301667897728,-0.006530166789772807
18171,2022,0.273,0.29065203987558647,-0.017652039875586445
3516,2023,0.299,0.2599336654860508,0.0390663345139492
19709,2024,0.316,0.3163280216189596,-0.00032802161895961746
18839,2024,0.246,0.27425449585310263,-0.028254495853102635
22664,2024,0.303,0.30432452934489784,-0.0013245293448978512
6887,2022,0.228,0.26092895120052595,-0.03292895120052594
12180,2022,0.364,0.3245062504077913,0.03949374959220869
17678,2024,0.264,0.26933520982072645,-0.005335209820726439
15429,2024,0.321,0.2802224854231917,0.04077751457680828
16153,2023,0.369,0.3183485938966633,0.05065140610333668
10324,2023,0.293,0.29774897239748654,-0.004748972397486562
12325,2023,0.27,0.29452032196057737,-0.02452032196057735
11739,2022,0.318,0.31255469639594957,0.005445303604050433
25931,2023,0.334,0.3375277650657258,-0.003527765065725774
17022,2024,0.32,0.3137522887981815,0.0062477112018184955
6184,2024,0.308,0.2913270208607633,0.01667297913923671
10243,2022,0.309,0.2704253452509807,0.03857465474901928
18795,2023,0.355,0.2996237326251779,0.0553762673748221
10681,2022,0.326,0.3130440247102657,0.0129559752897343
7739,2024,0.28,0.2881595185612041,-0.00815951856120406
24589,2023,0.234,0.25580256658144346,-0.021802566581443444
23378,2023,0.307,0.2842617127667045,0.022738287233295518
18819,2022,0.258,0.23826092630816398,0.01973907369183603
19913,2022,0.258,0.27546757360754004,-0.017467573607540032
10155,2024,0.194,0.29551515335351297,-0.10151515335351297
24589,2024,0.28,0.3009876815213144,-0.02098768152131436
19901,2023,0.222,0.23685098164851728,-0.01485098164851728
13301,2024,0.265,0.2670688929047324,-0.002068892904732389
13359,2022,0.291,0.30936840665714416,-0.018368406657144176
11489,2022,0.321,0.27666031823997,0.04433968176003
3142,2022,0.248,0.24586466665535467,0.0021353333446453293
26323,2022,0.269,0.25816136164267606,0.01083863835732396
20970,2023,0.278,0.3157556470631031,-0.03775564706310308
15585,2023,0.276,0.25590970024762505,0.020090299752374974
24934,2024,0.307,0.28683436221913317,0.02016563778086683
19755,2024,0.336,0.3399802228943912,-0.0039802228943912055
22244,2022,0.242,0.264279102387661,-0.02227910238766101
10028,2022,0.304,0.2921778462321593,0.011822153767840682
27475,2023,0.331,0.29274959780523857,0.038250402194761446
5235,2024,0.299,0.2967808346170736,0.00221916538292638
12533,2022,0.263,0.2767446316080905,-0.013744631608090474
26466,2024,0.389,0.296035879829349,0.09296412017065103
12158,2024,0.35,0.299254446159553,0.05074555384044699
18067,2024,0.289,0.2949244062038346,-0.005924406203834609
19956,2022,0.254,0.23754521153527763,0.01645478846472237
13510,2023,0.285,0.2913801082212981,-0.006380108221298142
19918,2023,0.256,0.27432498319516185,-0.018324983195161848
19709,2023,0.299,0.31101455990176197,-0.012014559901761979
14968,2022,0.228,0.2976962604505495,-0.06969626045054947
26467,2024,0.221,0.23791172968589336,-0.016911729685893356
25976,2023,0.384,0.36297912253030085,0.021020877469699162
19931,2022,0.354,0.28569126750068863,0.06830873249931135
20157,2023,0.33,0.2725979536620555,0.05740204633794449
4106,2022,0.311,0.3163359858335137,-0.00533598583351369
10059,2022,0.239,0.22084884629751997,0.018151153702480022
17766,2024,0.217,0.2609160154556195,-0.04391601545561949
20308,2024,0.263,0.28025505520205074,-0.01725505520205073
6153,2022,0.281,0.28068369215697686,0.00031630784302316695
7304,2022,0.285,0.26517681410115096,0.019823185898849016
24610,2024,0.304,0.31170939475449655,-0.007709394754496557
14221,2022,0.256,0.2722521800971586,-0.01625218009715862
27467,2024,0.273,0.25780877577725225,0.015191224222747768
19896,2024,0.348,0.287097977020595,0.060902022979405
19452,2024,0.251,0.2647135337307663,-0.01371353373076628
20036,2022,0.195,0.2164475563997951,-0.021447556399795092
21871,2024,0.307,0.3541822791598304,-0.04718227915983042
20538,2023,0.235,0.27699681441809076,-0.04199681441809078
19238,2023,0.282,0.3164119851292066,-0.034411985129206624
29695,2023,0.385,0.32925754757329906,0.05574245242670095
9874,2024,0.229,0.27863799974504405,-0.04963799974504404
20178,2023,0.224,0.2652526457321769,-0.04125264573217688
19635,2022,0.289,0.3384343237577823,-0.04943432375778234
16472,2022,0.292,0.29075403836644464,0.001245961633555337
12546,2023,0.284,0.2738992273226994,0.010100772677300585
19890,2024,0.296,0.30138962803211233,-0.005389628032112348
21711,2024,0.347,0.3162938924758779,0.03070610752412206
13768,2023,0.311,0.31956405860516385,-0.008564058605163849
4940,2023,0.291,0.24776802842701862,0.043231971572981365
19610,2022,0.271,0.2842587618834835,-0.01325876188348346
22263,2024,0.279,0.2636072053397528,0.015392794660247233
31837,2024,0.302,0.30153399176471635,0.00046600823528364366
18015,2022,0.213,0.25573806532965465,-0.042738065329654656
23800,2023,0.302,0.3096231387751598,-0.007623138775159799
19514,2022,0.268,0.2588323521505771,0.009167647849422922
25621,2024,0.227,0.2731740851441982,-0.04617408514419821
15429,2022,0.338,0.2907350366496995,0.047264963350300504
16442,2022,0.313,0.3545131409835037,-0.04151314098350373
18042,2022,0.32,0.27791751684970434,0.04208248315029567
20493,2022,0.25,0.3207521577575068,-0.07075215775750682
23782,2024,0.311,0.2986059740636627,0.012394025936337316
19610,2023,0.263,0.2816946725051732,-0.018694672505173204
18171,2024,0.291,0.28048831275438046,0.010511687245619517
18126,2023,0.29,0.2875285137946877,0.00247148620531229
18401,2023,0.338,0.34506137997585035,-0.007061379975850324
17678,2023,0.27,0.2739511981666568,-0.003951198166656789
15518,2023,0.314,0.32020625419308824,-0.006206254193088234
15679,2024,0.28,0.27388361339748163,0.006116386602518398
21538,2023,0.234,0.24470887870709251,-0.0107088787070925
10441,2023,0.194,0.2420687698857848,-0.04806876988578479
17620,2022,0.261,0.3087778140971689,-0.047777814097168914
19901,2022,0.272,0.2416920771520131,0.030307922847986918
26668,2024,0.359,0.32736063083311134,0.03163936916688864
26517,2024,0.291,0.2952464529788663,-0.004246452978866333
15518,2024,0.35,0.3158581011532309,0.0341418988467691
4949,2023,0.21,0.24546459459991268,-0.03546459459991269
2434,2023,0.323,0.2986925917461625,0.024307408253837537
22168,2023,0.268,0.27311445105883336,-0.005114451058833347
12155,2022,0.267,0.2733522223450502,-0.006352222345050174
14221,2024,0.293,0.2649232601871581,0.028076739812841867
19611,2024,0.342,0.30710216629405207,0.034897833705947956
18401,2022,0.331,0.29285848844866713,0.038141511551332885
19293,2022,0.276,0.30073835037295726,-0.02473835037295724
9218,2023,0.327,0.3200730858281941,0.006926914171805909
19290,2024,0.275,0.2561787175507532,0.0188212824492468
11680,2023,0.324,0.28177120321553,0.04222879678447
13510,2024,0.265,0.26919970882188055,-0.004199708821880532
21560,2022,0.344,0.345297870545647,-0.0012978705456470063
19755,2023,0.342,0.31303723625743995,0.02896276374256007
17919,2022,0.336,0.29870703323210346,0.03729296676789656
22117,2023,0.388,0.31732748913763625,0.07067251086236376
21865,2024,0.262,0.25910581206418787,0.0028941879358121425
16478,2022,0.24,0.2646455454746457,-0.024645545474645703
8090,2023,0.231,0.23038028829524115,0.0006197117047588574
18126,2024,0.331,0.2975711268240537,0.03342887317594634
26288,2023,0.303,0.3059246469659882,-0.002924646965988209
15672,2022,0.288,0.27502387671388834,0.01297612328611164
25931,2022,0.361,0.315142352597163,0.04585764740283699
22563,2023,0.29,0.30674059351163746,-0.01674059351163748
11442,2024,0.267,0.26359527592317405,0.00340472407682596
13853,2022,0.293,0.29759667047885147,-0.004596670478851483
19608,2024,0.318,0.3271002726476923,-0.009100272647692309
26294,2022,0.274,0.28715285390838796,-0.01315285390838794
26365,2024,0.265,0.2824067692198195,-0.017406769219819485
20536,2022,0.193,0.25384622496967185,-0.06084622496967185
15191,2022,0.313,0.2945444673653627,0.018455532634637284
20503,2024,0.33,0.3097876438005854,0.02021235619941464
14366,2023,0.329,0.30132779516949815,0.027672204830501868
14128,2024,0.232,0.27200297417445973,-0.04000297417445972
5417,2022,0.315,0.28154356089407,0.03345643910592999
21636,2022,0.298,0.2989497476952807,-0.0009497476952807227
10815,2023,0.279,0.29786867768520564,-0.018868677685205615
24816,2024,0.304,0.2938391891690702,0.01016081083092979
22650,2023,0.258,0.27959270103704975,-0.021592701037049744
19890,2023,0.313,0.32264409572068714,-0.00964409572068714
19627,2024,0.362,0.2993223008012862,0.0626776991987138
14551,2022,0.248,0.26142045877303327,-0.013420458773033273
30162,2023,0.281,0.2940064889062179,-0.013006488906217861
21707,2023,0.26,0.26416938238967835,-0.004169382389678344
17027,2023,0.294,0.3144418187617527,-0.020441818761752717
18289,2023,0.309,0.3037487369946311,0.005251263005368878
25878,2024,0.256,0.29095141506621186,-0.034951415066211855
20538,2024,0.318,0.2685034295407513,0.04949657045924871
20325,2022,0.308,0.27477592888499797,0.03322407111500203
7802,2024,0.301,0.3080577813254533,-0.007057781325453316
17273,2023,0.267,0.29734006678199726,-0.030340066781997244
20454,2023,0.318,0.29310488228538994,0.02489511771461006
23697,2024,0.344,0.3159044505046765,0.028095549495323446
9777,2024,0.296,0.27175138520562536,0.024248614794374623
17696,2022,0.322,0.3064167056412795,0.015583294358720523
26323,2023,0.318,0.2838270677934486,0.03417293220655143
4418,2022,0.213,0.25345966298899547,-0.040459662988995476
21636,2024,0.301,0.291542096864152,0.00945790313584799
21523,2022,0.305,0.28779114967595065,0.01720885032404934
22799,2024,0.317,0.28290559422937467,0.034094405770625336
15640,2023,0.3,0.3060645173699901,-0.006064517369990086
17027,2024,0.253,0.28584812632667855,-0.03284812632667855
14162,2023,0.272,0.3024655981420665,-0.030465598142066508
13590,2022,0.251,0.27423823695916283,-0.023238236959162828
20321,2024,0.261,0.24059808277095385,0.020401917229046163
27490,2024,0.319,0.3097304211059433,0.009269578894056718
13624,2024,0.291,0.2806062549168241,0.010393745083175865
17350,2023,0.292,0.29386699049672765,-0.0018669904967276718
22217,2024,0.24,0.26966609160550925,-0.02966609160550926
14130,2023,0.282,0.27911396895231827,0.002886031047681703
13066,2024,0.344,0.2954418345006115,0.04855816549938846
9368,2023,0.277,0.27868148285449745,-0.0016814828544974292
13723,2023,0.249,0.26477195209937243,-0.015771952099372433
20572,2023,0.295,0.28471033067792695,0.010289669322073036
12976,2024,0.22,0.232178056857675,-0.012178056857675007
23565,2023,0.369,0.31059508531947233,0.058404914680527664
16939,2022,0.291,0.2665741134004604,0.024425886599539592
14350,2023,0.302,0.31681211161232203,-0.014812111612322043
14477,2022,0.268,0.3105991779625573,-0.0425991779625573
11445,2023,0.293,0.26247060673520567,0.030529393264794313
25976,2024,0.329,0.3136816354378665,0.015318364562133535
19698,2022,0.344,0.313788579497162,0.030211420502837982
27676,2023,0.25,0.29060771027022114,-0.04060771027022114
29766,2024,0.296,0.2870837038015131,0.008916296198486884
5760,2023,0.258,0.29741278515405717,-0.03941278515405716
23695,2023,0.264,0.3375828581848126,-0.07358285818481258
7304,2023,0.294,0.29608803999057715,-0.002088039990577162
22871,2023,0.265,0.29335145014907055,-0.028351450149070534
13675,2023,0.263,0.2946821523409142,-0.031682152340914205
15518,2022,0.326,0.3172157189242712,0.008784281075728817
14551,2023,0.299,0.2568764605002529,0.042123539499747065
1177,2022,0.252,0.2600198541304559,-0.008019854130455917
13611,2023,0.316,0.30591420913657436,0.010085790863425648
29606,2024,0.297,0.27551876728871755,0.02148123271128244
12282,2022,0.244,0.2687463550057945,-0.02474635500579453
16572,2023,0.311,0.30659678470900714,0.004403215290992857
31349,2024,0.233,0.2675886223953922,-0.034588622395392205
15429,2023,0.27,0.2855961628795656,-0.015596162879565556
19262,2024,0.314,0.2823422070258655,0.03165779297413451
16997,2024,0.306,0.2974281129192996,0.008571887080700391
13624,2022,0.242,0.30342542171390524,-0.06142542171390525
17838,2024,0.263,0.2765328836139464,-0.01353288361394639
17548,2024,0.294,0.3151368039829704,-0.02113680398297041
27506,2024,0.261,0.26627730077408107,-0.005277300774081062
19252,2022,0.275,0.2818598795509933,-0.006859879550993264
13757,2024,0.289,0.3064926035697942,-0.017492603569794207
5254,2022,0.283,0.2864531208301252,-0.0034531208301252225
19953,2024,0.338,0.3159042055752878,0.022095794424712212
24618,2023,0.359,0.2817281641880864,0.0772718358119136
10642,2023,0.256,0.27393987468126746,-0.017939874681267454
16512,2024,0.307,0.3037044525924464,0.0032955474075536118
15730,2024,0.275,0.3073145738055718,-0.03231457380557179
20437,2024,0.251,0.2569427733948882,-0.00594277339488819
18795,2024,0.28,0.2719514666392051,0.008048533360794918
13613,2023,0.3,0.3036861275007683,-0.003686127500768299
17128,2023,0.301,0.30269460247128704,-0.0016946024712870544
27684,2024,0.271,0.26795856803198786,0.0030414319680121538
23401,2023,0.285,0.26559820260395406,0.019401797396045917
26149,2023,0.377,0.27830668151615073,0.09869331848384927
13066,2023,0.342,0.3069277420057114,0.03507225799428865
14854,2022,0.261,0.27976825544516093,-0.01876825544516092
20521,2023,0.283,0.3096888034460284,-0.02668880344602842
12856,2022,0.285,0.2862152044601281,-0.0012152044601281276
26396,2024,0.311,0.29510454780168344,0.015895452198316562
12546,2022,0.307,0.28849530278203017,0.018504697217969823
18363,2023,0.36,0.3167928552879884,0.04320714471201159
26299,2023,0.34,0.32290516157025195,0.01709483842974807
26368,2024,0.279,0.26794438882845173,0.011055611171548296
23733,2022,0.295,0.2677335243248234,0.027266475675176594
22275,2024,0.292,0.26295727127573953,0.029042728724260447
26031,2024,0.244,0.32056405325180115,-0.07656405325180116
16478,2023,0.209,0.24963151681220386,-0.040631516812203866
24655,2022,0.29,0.2999771486082277,-0.009977148608227737
13621,2023,0.292,0.2868253511298942,0.005174648870105769
5417,2023,0.348,0.2827741432445966,0.06522585675540338
2396,2022,0.209,0.2543884326435821,-0.04538843264358208
20352,2022,0.217,0.25394021629175745,-0.03694021629175745
19806,2023,0.333,0.30361038688676595,0.02938961311323407
18882,2024,0.287,0.3014818912862841,-0.014481891286284132
18360,2024,0.31,0.30719368937493313,0.0028063106250668657
33189,2023,0.326,0.3315679741535378,-0.005567974153537769
25764,2022,0.295,0.2815866687228819,0.013413331277118079
20220,2024,0.244,0.276126064535796,-0.03212606453579603
22184,2023,0.264,0.29635247001847986,-0.03235247001847985
6310,2022,0.293,0.30885488180591253,-0.015854881805912546
1744,2022,0.324,0.31093579756463563,0.01306420243536438
26197,2023,0.299,0.29471281165828783,0.004287188341712156
8202,2023,0.229,0.2839426429221881,-0.05494264292218812
21693,2024,0.261,0.29186078233566026,-0.030860782335660253
22277,2024,0.211,0.254712955658222,-0.043712955658222
14691,2023,0.332,0.3262045759670859,0.005795424032914109
5297,2023,0.311,0.24817136516387703,0.06282863483612297
26295,2024,0.37,0.3345523761071436,0.035447623892856384
25459,2022,0.283,0.2894651988446245,-0.006465198844624542
19566,2023,0.329,0.331199442691106,-0.0021994426911060017
14161,2023,0.253,0.24033217443865784,0.01266782556134216
22664,2023,0.338,0.3428756094535255,-0.004875609453525498
21693,2023,0.264,0.2592712014281361,0.004728798571863924
18036,2023,0.267,0.2978621729775253,-0.030862172977525304
13066,2022,0.335,0.32718953505678156,0.007810464943218465
23986,2024,0.304,0.3112069853795036,-0.007206985379503594
20926,2022,0.339,0.26434402877881474,0.07465597122118528
18821,2022,0.327,0.3252544274343418,0.0017455725656582155
16997,2022,0.295,0.28699067820180657,0.008009321798193414
13590,2023,0.278,0.30762001304630654,-0.029620013046306515
22715,2023,0.344,0.3531316836810887,-0.009131683681088743
19346,2022,0.29,0.2935789220734888,-0.0035789220734888105
15937,2022,0.256,0.28175428177763895,-0.025754281777638943
19950,2024,0.286,0.30264983913830407,-0.01664983913830409
23733,2023,0.358,0.307025277157433,0.05097472284256699
24273,2023,0.32,0.30790628568886663,0.012093714311133374
15730,2022,0.274,0.28045509780319067,-0.006455097803190646
19514,2023,0.288,0.2700315561377463,0.017968443862253658
16451,2023,0.291,0.3005718352449575,-0.009571835244957527
9847,2023,0.312,0.2930241124853381,0.018975887514661893
16556,2024,0.274,0.263223786917689,0.010776213082311026
22458,2024,0.255,0.27280712001188956,-0.017807120011889555
19918,2022,0.269,0.2563139881908376,0.0126860118091624
21614,2022,0.275,0.2944697992065934,-0.019469799206593363
12979,2022,0.292,0.2770069769854295,0.014993023014570506
29794,2024,0.29,0.2584545645152882,0.03154543548471178
15679,2022,0.215,0.26182359108861825,-0.04682359108861825
17982,2023,0.294,0.2930118779370151,0.0009881220629848753
12161,2022,0.362,0.3067820786975041,0.055217921302495865
19293,2023,0.269,0.2829514192233603,-0.013951419223360295
20391,2022,0.337,0.3198830580636645,0.017116941936335506
26289,2022,0.333,0.31074273186779233,0.022257268132207686
19352,2024,0.223,0.23480251284814493,-0.01180251284814493
3269,2022,0.189,0.3013388856543844,-0.11233888565438438
19287,2024,0.273,0.2920099977540211,-0.01900999775402107
19262,2022,0.294,0.28542204543982175,0.008577954560178236
18839,2023,0.326,0.2972796654641581,0.028720334535841885
13324,2022,0.279,0.2868447491120233,-0.007844749112023264
22186,2023,0.268,0.293592761398764,-0.025592761398763986
18887,2023,0.23,0.29333295326906,-0.06333295326906
11899,2024,0.322,0.2869524060577623,0.03504759394223772
23733,2024,0.31,0.2594970091064512,0.050502990893548816
9256,2022,0.278,0.28726254257859163,-0.009262542578591604
10324,2022,0.252,0.2714972124708006,-0.019497212470800607
12533,2023,0.291,0.28337860246207885,0.007621397537921126
17901,2022,0.352,0.31593776118942674,0.036062238810573244
25055,2022,0.346,0.2875435287724208,0.05845647122757919
27684,2023,0.261,0.2905566846776537,-0.02955668467765371
19683,2022,0.345,0.276265429852465,0.06873457014753498
16939,2023,0.325,0.29221766064231897,0.032782339357681045
27815,2023,0.336,0.3166188263930489,0.01938117360695113
29931,2023,0.318,0.31610911580313483,0.0018908841968651724
19599,2024,0.274,0.2893893834882385,-0.015389383488238484
24655,2023,0.31,0.2967146243453585,0.013285375654641496
18568,2023,0.362,0.3468728846576261,0.015127115342373876
10243,2023,0.309,0.30044002524900176,0.008559974750998234
13611,2022,0.272,0.288694860474127,-0.016694860474126993
24934,2023,0.299,0.2760805757030903,0.022919424296909685
14387,2022,0.35,0.2902309618526411,0.0597690381473589
9774,2023,0.279,0.3018344968944219,-0.022834496894421852
19287,2022,0.309,0.3050514389891804,0.0039485610108195845
27577,2024,0.273,0.27020249004239133,0.0027975099576086904
17350,2022,0.329,0.3018028706310368,0.027197129368963235
25961,2024,0.328,0.27402568050942433,0.053974319490575684
22277,2023,0.253,0.26553871150573244,-0.012538711505732436
16530,2023,0.308,0.30350421612489487,0.0044957838751051304
13301,2023,0.221,0.2606927067985445,-0.0396927067985445
11477,2022,0.327,0.33554204320072306,-0.008542043200723048
5361,2024,0.306,0.3145916256493109,-0.00859162564931093
15998,2022,0.255,0.2719608182499324,-0.016960818249932397
10231,2024,0.382,0.32580117764147404,0.05619882235852597
19913,2024,0.315,0.33079793227217497,-0.015797932272174964
20505,2022,0.353,0.29099799418489825,0.062002005815101735
14735,2022,0.233,0.28371166080827204,-0.050711660808272024
15491,2024,0.248,0.2891182989697749,-0.041118298969774925
14950,2022,0.295,0.2832492000546166,0.011750799945383361
19392,2023,0.284,0.29920607992548126,-0.015206079925481286
5297,2022,0.279,0.2678535381062645,0.011146461893735526
14593,2022,0.382,0.31233209690332847,0.06966790309667154
5235,2022,0.313,0.3072240930376939,0.005775906962306121
17484,2023,0.305,0.28169145785792105,0.023308542142078947
20454,2024,0.309,0.28269177638303905,0.026308223616960946
18314,2022,0.348,0.30357816893248196,0.044421831067518014
19858,2023,0.293,0.28565442193075297,0.007345578069247016
21618,2024,0.305,0.31642366003016453,-0.01142366003016454
26151,2024,0.319,0.2914020060371616,0.027597993962838407
13265,2023,0.317,0.24938344359966974,0.06761655640033026
13755,2024,0.226,0.2724160886813549,-0.04641608868135491
26197,2024,0.285,0.2606438606283477,0.024356139371652263
18889,2024,0.245,0.2746570645576754,-0.029657064557675417
17128,2022,0.262,0.2859519552500908,-0.023951955250090806
10556,2022,0.309,0.3171149502187708,-0.008114950218770789
14691,2022,0.318,0.32010386555700804,-0.0021038655570080333
17893,2022,0.259,0.2829636389870492,-0.023963638987049174
11442,2023,0.212,0.24098580170600753,-0.028985801706007536
13757,2022,0.336,0.3189771161498923,0.017022883850107695
10815,2024,0.302,0.2909091234987048,0.0110908765012952
19928,2022,0.35,0.3113305539490846,0.03866944605091538
11739,2024,0.328,0.3096714074621098,0.01832859253789021
25805,2023,0.33,0.2861232528331407,0.0438767471668593
19260,2024,0.331,0.3055741258777907,0.025425874122209313
19198,2022,0.266,0.2788060832419681,-0.01280608324196808
14196,2022,0.274,0.3022007888179773,-0.028200788817977274
15112,2022,0.311,0.3349717786329634,-0.023971778632963403
16505,2022,0.277,0.2666905942547705,0.010309405745229538
27479,2024,0.303,0.30247906105406935,0.0005209389459306379
10681,2023,0.346,0.3135456589954159,0.03245434100458405
12532,2023,0.218,0.2559480919920042,-0.03794809199200419
21501,2022,0.32,0.29115173203815664,0.028848267961843366
19352,2022,0.29,0.288224424731024,0.0017755752689759818
12916,2024,0.295,0.3052735432960854,-0.01027354329608543
16219,2022,0.36,0.3103124049770963,0.04968759502290371
16505,2024,0.293,0.2771417338984386,0.01585826610156138
16252,2023,0.31,0.31242415111227256,-0.0024241511122725656
22581,2023,0.265,0.29837289376934434,-0.033372893769344325
20321,2023,0.306,0.2929555892661005,0.013044410733899503
12564,2023,0.29,0.2787580739289434,0.011241926071056563
16925,2022,0.301,0.3026925658791426,-0.0016925658791426268
15279,2023,0.324,0.3156030252644197,0.00839697473558032
24618,2024,0.238,0.267966565368051,-0.029966565368051035
19612,2022,0.347,0.32539539510782856,0.02160460489217142
13338,2022,0.248,0.2630980395480759,-0.015098039548075926
11038,2024,0.272,0.28243901029411256,-0.010439010294112538
21538,2022,0.252,0.2771831941090224,-0.025183194109022422
19921,2023,0.29,0.2506664630895375,0.039333536910462485
17988,2023,0.314,0.3239090909135436,-0.009909090913543583
22558,2024,0.3,0.31884809456325847,-0.018848094563258477
27534,2024,0.288,0.32150571252800675,-0.03350571252800677
8090,2022,0.304,0.28144660729969023,0.02255339270030976
7802,2022,0.258,0.2944550027795447,-0.036455002779544665
22458,2023,0.261,0.27616121753716416,-0.015161217537164151
19966,2022,0.293,0.2890850870007348,0.003914912999265163
12981,2023,0.184,0.2218452539457254,-0.03784525394572541
16376,2023,0.284,0.27865897349554064,0.005341026504459334
11615,2022,0.293,0.28934898576259827,0.0036510142374017174
14109,2022,0.261,0.30154593823865355,-0.040545938238653545
15653,2023,0.286,0.28205298125234674,0.0039470187476532415
20202,2023,0.397,0.32277192346059125,0.07422807653940877
19953,2023,0.357,0.31359201971676176,0.04340798028323822
19864,2023,0.368,0.3179435168763574,0.05005648312364258
24064,2023,0.328,0.32489990271654995,0.003100097283450065
5361,2022,0.359,0.34846994963637584,0.010530050363624144
12564,2024,0.373,0.2881268735448837,0.0848731264551163
20126,2024,0.288,0.2782468750871661,0.009753124912833866
21558,2023,0.321,0.32222579595090506,-0.0012257959509050509
14968,2024,0.31,0.29908081891035665,0.010919181089643348
17548,2023,0.284,0.277875947368561,0.006124052631438948
15676,2022,0.35,0.30882894082889456,0.04117105917110542
17548,2022,0.325,0.2978611163570901,0.027138883642909895
16357,2023,0.315,0.2733450784182093,0.04165492158179068
14111,2023,0.268,0.2852736677316793,-0.017273667731679265
29622,2023,0.286,0.279516069590135,0.006483930409865002
17040,2022,0.273,0.2679075381468549,0.005092461853145103
18577,2022,0.307,0.3305569556255136,-0.02355695562551363
15674,2023,0.366,0.2990390234364012,0.06696097656359878
17452,2023,0.269,0.26960575738161807,-0.000605757381618055
21479,2022,0.3,0.30477869659150414,-0.00477869659150415
10200,2023,0.313,0.25092711090122294,0.06207288909877706
16478,2024,0.301,0.28603361822219403,0.01496638177780596
27615,2023,0.261,0.3030337068776948,-0.04203370687769481
13620,2023,0.274,0.26148615328256586,0.012513846717434163
11680,2022,0.27,0.27239367617605725,-0.0023936761760572356
21987,2023,0.284,0.24223529987707448,0.04176470012292549
20521,2022,0.286,0.32324099180844434,-0.03724099180844437
26668,2023,0.336,0.3569193810468568,-0.020919381046856755
17022,2022,0.304,0.31945419520854257,-0.015454195208542576
14813,2023,0.311,0.30231830925364145,0.00868169074635855
21454,2022,0.248,0.285886156522256,-0.03788615652225602
18345,2022,0.261,0.2848478210528792,-0.023847821052879192
26288,2022,0.291,0.2997488070246535,-0.008748807024653527
15223,2024,0.246,0.3096307866842909,-0.0636307866842909
19901,2024,0.281,0.2840679439491444,-0.0030679439491443916
4314,2022,0.257,0.2807031571506463,-0.023703157150646303
20308,2023,0.283,0.27395114007952925,0.00904885992047072
20017,2024,0.232,0.2996568208745943,-0.06765682087459426
20332,2022,0.316,0.28671675315837136,0.02928324684162864
25816,2023,0.246,0.25145726394941964,-0.005457263949419644
19918,2024,0.262,0.24927843527616625,0.012721564723833761
16442,2024,0.282,0.29427438970381903,-0.012274389703819055
13419,2022,0.248,0.2756670441888928,-0.02766704418889282
12510,2024,0.235,0.2400292174590588,-0.005029217459058821
19953,2022,0.336,0.3236386622496584,0.012361337750341594
22197,2024,0.241,0.2721169890317691,-0.031116989031769127
13755,2022,0.314,0.30839414898857576,0.0056058510114242455
13145,2024,0.286,0.28347966650401824,0.0025203334959817414
23359,2022,0.281,0.2796305395548792,0.001369460445120818
10472,2022,0.257,0.2583024753426085,-0.0013024753426084668
15112,2024,0.32,0.3148812736632419,0.005118726336758084
23667,2023,0.297,0.3404146593586323,-0.04341465935863231
6887,2023,0.26,0.27632204357228807,-0.01632204357228806
10441,2024,0.299,0.2651256893104986,0.033874310689501363
15279,2024,0.296,0.3203043342271727,-0.024304334227172708
10815,2022,0.272,0.3001664560853799,-0.028166456085379876
13602,2023,0.237,0.2672852288518387,-0.030285228851838708
14477,2023,0.27,0.30185948179648364,-0.031859481796483624
5452,2023,0.169,0.29301749568349306,-0.12401749568349305
13152,2023,0.31,0.2918092825718891,0.018190717428110903
22542,2024,0.301,0.311497644120505,-0.010497644120505023
18821,2023,0.292,0.3457837513749452,-0.05378375137494523
11342,2023,0.261,0.24689387122376244,0.01410612877623757
5000,2022,0.168,0.25774269382762965,-0.08974269382762964
17907,2023,0.316,0.2920952059100656,0.0239047940899344
12533,2024,0.25,0.27002733684356117,-0.020027336843561172
15117,2022,0.298,0.2867176990904215,0.011282300909578491
26368,2022,0.216,0.27696582123909297,-0.06096582123909297
11899,2023,0.268,0.2914326428104555,-0.023432642810455484
10324,2024,0.359,0.3078625909035899,0.05113740909641007
19858,2024,0.339,0.32270828485437064,0.016291715145629382
22186,2024,0.3,0.33644534841511,-0.03644534841510999
16930,2024,0.246,0.27035660880839574,-0.02435660880839574
9627,2023,0.309,0.2984390015775108,0.010560998422489198
20543,2023,0.352,0.29600109362390675,0.05599890637609323
21558,2024,0.303,0.2940906537271967,0.008909346272803265
25782,2024,0.295,0.29146840475225594,0.003531595247744046
19955,2024,0.312,0.3096217151549615,0.002378284845038492
21840,2024,0.319,0.2808404904629308,0.0381595095370692
29617,2024,0.233,0.2197957215832177,0.013204278416782317
21897,2023,0.303,0.2838503762160124,0.0191496237839876
25961,2022,0.303,0.26089814855158,0.04210185144841999
20503,2022,0.344,0.28281478835100354,0.06118521164899643
16442,2023,0.34,0.30996352095364077,0.030036479046359255
14567,2022,0.313,0.3213346977267694,-0.008334697726769424
15653,2022,0.263,0.2620576423433932,0.0009423576566068292
16535,2023,0.233,0.22719965202759917,0.005800347972400838
21270,2024,0.271,0.27838906497636257,-0.007389064976362547
2967,2022,0.304,0.3076221033053096,-0.0036221033053095986
10243,2024,0.313,0.2725771148952915,0.040422885104708484
12859,2022,0.244,0.3086456289723098,-0.0646456289723098
28806,2024,0.32,0.32092677381880325,-0.0009267738188032393
25332,2023,0.281,0.29680869004604465,-0.015808690046044627
17273,2022,0.286,0.2985330862920277,-0.012533086292027706
24589,2022,0.28,0.27944398975831525,0.000556010241684779
20123,2024,0.298,0.312934673695433,-0.014934673695432998
18795,2022,0.287,0.28664631875616214,0.0003536812438378334
17907,2024,0.338,0.3020629468971833,0.035937053102816696
15487,2022,0.322,0.31402674406043857,0.007973255939561441
21454,2024,0.281,0.31175979439735346,-0.030759794397353435
25816,2022,0.294,0.27124427685036795,0.022755723149632034
16451,2024,0.26,0.32018985740947714,-0.06018985740947713
21562,2022,0.354,0.29120932979220365,0.06279067020779633
15482,2022,0.277,0.2511512428748056,0.02584875712519441
18314,2024,0.3,0.28316861142174654,0.016831388578253448
12856,2024,0.245,0.28544553078911283,-0.04044553078911284
17992,2022,0.268,0.281282756926701,-0.013282756926701
19290,2023,0.31,0.2975893737343865,0.012410626265613511
13770,2024,0.359,0.30099998899032765,0.058000011009672336
19522,2024,0.229,0.25646620520748903,-0.02746620520748902
23690,2024,0.245,0.28040878395714436,-0.03540878395714436
18345,2024,0.282,0.2886949383638851,-0.006694938363885128
15640,2024,0.367,0.3257284739861035,0.0412715260138965
15464,2022,0.281,0.2662207669909487,0.014779233009051318
17484,2024,0.285,0.27832440741944764,0.006675592580552336
16622,2023,0.25,0.2185656397267531,0.03143436027324689
19864,2024,0.296,0.27843157882135483,0.017568421178645155
27465,2022,0.255,0.27724357402511784,-0.02224357402511784
18042,2023,0.28,0.2465037351407647,0.03349626485923532
16426,2023,0.331,0.2995058670037086,0.03149413299629139
18015,2024,0.285,0.2872303543200232,-0.00223035432002322
10681,2024,0.278,0.30433693494493996,-0.026336934944939938
20043,2023,0.314,0.28872703006930406,0.025272969930695943
15674,2022,0.332,0.27723118029835403,0.05476881970164599
5827,2022,0.246,0.26118730355192254,-0.015187303551922549
19318,2024,0.306,0.2810256342224501,0.02497436577754991
17893,2023,0.246,0.2825612521385921,-0.036561252138592126
12861,2023,0.268,0.29331963719774656,-0.025319637197746547
26323,2024,0.26,0.28164357054628747,-0.02164357054628746
24617,2022,0.302,0.2856773716946563,0.0163226283053437
17929,2022,0.299,0.27109743165913514,0.027902568340864853
9077,2022,0.229,0.2561620244473647,-0.02716202444736468
19260,2022,0.289,0.28749514388950753,0.0015048561104924474
11737,2022,0.326,0.28981815289140533,0.03618184710859468
24336,2024,0.297,0.2509515299227203,0.04604847007727969
13419,2023,0.272,0.27110850784127316,0.0008914921587268587
20437,2023,0.354,0.2856402004318692,0.06835979956813076
6184,2023,0.324,0.32663913799752925,-0.0026391379975292395
29715,2024,0.199,0.25554397678218377,-0.05654397678218376
15112,2023,0.326,0.34051674668661147,-0.01451674668661146
19755,2022,0.32,0.3115649651485372,0.008435034851462797
26396,2022,0.244,0.28382228400455,-0.03982228400455001
26031,2022,0.35,0.3149883848069849,0.0350116151930151
25505,2023,0.346,0.2837180410925451,0.06228195890745486
20287,2024,0.317,0.2913377971433805,0.02566220285661952
22558,2023,0.359,0.34846054076971705,0.010539459230282933
15362,2024,0.256,0.27495602988949436,-0.018956029889494352
16512,2023,0.289,0.33501146404921883,-0.04601146404921885
12861,2024,0.257,0.27356413242700217,-0.016564132427002165
21618,2023,0.296,0.319236552232845,-0.023236552232844987
19566,2024,0.324,0.32150097753534523,0.0024990224646547765
27630,2024,0.216,0.24765134861185512,-0.03165134861185512
10047,2022,0.357,0.3029612220533611,0.05403877794663886
14813,2022,0.286,0.3103270542605594,-0.024327054260559422
15223,2023,0.258,0.3143370083356938,-0.05633700833569377
19296,2024,0.403,0.30846811748243874,0.09453188251756128
11200,2022,0.263,0.30660539224274896,-0.04360539224274895
11493,2024,0.302,0.28874440919485506,0.013255590805144934
9929,2022,0.258,0.2778299315245581,-0.019829931524558086
15271,2023,0.286,0.27056502730784937,0.015434972692150606
19956,2023,0.397,0.308808652757877,0.08819134724212302
25807,2024,0.279,0.28242193139805066,-0.003421931398050637
19997,2024,0.265,0.2993303253738867,-0.034330325373886694
21716,2023,0.323,0.2770566507684077,0.04594334923159232
19334,2022,0.326,0.32394541089551027,0.0020545891044897457
11493,2022,0.337,0.30041271065698616,0.03658728934301386
15194,2024,0.279,0.2905666124582041,-0.011566612458204062
17128,2024,0.35,0.31404370022406436,0.03595629977593562
21479,2024,0.297,0.3113100050658556,-0.014310005065855613
14161,2022,0.244,0.2806432162297592,-0.03664321622975919
26123,2023,0.28,0.3197093037310059,-0.039709303731005896
12155,2023,0.3,0.2992303354036481,0.0007696645963519155
24770,2023,0.343,0.2912539119832426,0.05174608801675745
22532,2024,0.227,0.26811432448314576,-0.04111432448314575
5517,2024,0.237,0.27588063070606916,-0.038880630706069175
13620,2024,0.266,0.2537731222616624,0.012226877738337638
18363,2024,0.37,0.30400696248591563,0.06599303751408436
12916,2023,0.277,0.2903910056049083,-0.013391005604908301
17954,2024,0.311,0.30363182773453196,0.007368172265468043
20454,2022,0.294,0.3104236172957741,-0.01642361729577413
7739,2023,0.258,0.295093761832458,-0.037093761832457994
11281,2024,0.257,0.30276062836721934,-0.045760628367219336
5361,2023,0.37,0.345931737881966,0.02406826211803398
24618,2022,0.259,0.26943520360889706,-0.010435203608897048
21534,2023,0.273,0.2694304148420228,0.0035695851579772286
12861,2022,0.258,0.28893265270537494,-0.03093265270537493
27479,2023,0.196,0.2500142458300394,-0.05401424583003939
14566,2022,0.307,0.29731207284514316,0.009687927154856835
20178,2024,0.177,0.25065399694710355,-0.07365399694710356
19318,2023,0.272,0.29498816090528496,-0.022988160905284938
17838,2023,0.245,0.26433508297904723,-0.019335082979047236
15464,2023,0.27,0.2558162730415363,0.014183726958463705
11476,2022,0.281,0.2651337057608617,0.015866294239138323
11445,2022,0.309,0.2912657066018562,0.017734293398143808
21618,2022,0.319,0.32370929414258925,-0.004709294142589249
3516,2022,0.304,0.2918177644105991,0.012182235589400903
19251,2022,0.279,0.281598431316495,-0.0025984313164949535
16909,2022,0.234,0.29736406844218805,-0.06336406844218803
15172,2022,0.347,0.3555522150085187,-0.008552215008518715
10200,2022,0.296,0.2561784695248198,0.03982153047518017
12161,2024,0.297,0.27655179522773504,0.020448204772264944
16535,2022,0.255,0.25247206256199295,0.002527937438007055
15711,2022,0.277,0.29540963897076766,-0.01840963897076764
17929,2024,0.261,0.2611848485703789,-0.00018484857037887048
30116,2022,0.326,0.3025935257006772,0.0234064742993228
22275,2023,0.284,0.28396474232492114,3.5257675078836925e-05
20123,2023,0.296,0.29798907218083626,-0.001989072180836271
1744,2023,0.317,0.3061979320309431,0.010802067969056917
19326,2024,0.33,0.3210871351916542,0.0089128648083458
27577,2023,0.253,0.2938787432016582,-0.040878743201658185
21622,2023,0.305,0.32311096592950334,-0.018110965929503342
10028,2024,0.245,0.2517417653596576,-0.006741765359657592
23312,2023,0.347,0.3115472869106136,0.035452713089386356
7007,2022,0.234,0.2714285964941604,-0.03742859649416039
11899,2022,0.31,0.2970698159363705,0.012930184063629502
18900,2022,0.344,0.30765562968611043,0.03634437031388954
12147,2023,0.278,0.3174877097708892,-0.03948770977088917
31837,2023,0.316,0.3115257675101377,0.004474232489862284
21853,2023,0.391,0.3239097070867763,0.06709029291322371
19354,2024,0.305,0.29278010833701607,0.012219891662983928
5235,2023,0.304,0.29710934595582106,0.006890654044178934
19562,2023,0.255,0.25045759845386023,0.004542401546139774
16434,2022,0.326,0.33264985114717033,-0.006649851147170316
15941,2022,0.284,0.2889445143269977,-0.004944514326997718
12984,2022,0.251,0.2721433661594012,-0.02114336615940121
3473,2023,0.298,0.2922068276767759,0.005793172323224072
29575,2024,0.267,0.2546023861091801,0.012397613890819892
16252,2022,0.342,0.3070324932090175,0.03496750679098254
24610,2022,0.323,0.30554888207171743,0.017451117928282578
18882,2022,0.263,0.2854547435746497,-0.022454743574649716
11368,2024,0.248,0.27903805506067075,-0.031038055060670755
22054,2024,0.379,0.3158336670342596,0.06316633296574042
18373,2022,0.303,0.3087374679706034,-0.005737467970603427
26149,2024,0.273,0.2915841389063692,-0.018584138906369174
16622,2024,0.25,0.24417939360939667,0.005820606390603333
11368,2023,0.284,0.2725705554110702,0.011429444588929749
19326,2022,0.306,0.30709159892065946,-0.0010915989206594645
11281,2022,0.276,0.28656757742565014,-0.010567577425650121
4949,2022,0.227,0.2701831933223145,-0.04318319332231449
15674,2024,0.26,0.26968818996294935,-0.009688189962949345
17161,2023,0.258,0.2792029853889266,-0.021202985388926565
22871,2022,0.27,0.2655627863126518,0.004437213687348229
13152,2022,0.269,0.27825673146061985,-0.009256731460619838
5497,2022,0.222,0.29414064494590403,-0.07214064494590403
14130,2022,0.29,0.28823510923839374,0.0017648907616062415
22715,2024,0.268,0.3230576419870784,-0.05505764198707841
25764,2024,0.354,0.29826902822360474,0.055730971776395244
12434,2023,0.255,0.3080146006562774,-0.05301460065627739
16530,2024,0.299,0.2895743426387576,0.009425657361242401
20970,2022,0.345,0.3021616742908946,0.042838325709105396
13355,2024,0.268,0.29332465465326296,-0.025324654653262946
18433,2022,0.29,0.29473521844430356,-0.004735218444303579
26123,2024,0.29,0.24214751327749806,0.04785248672250192
17684,2022,0.27,0.3112827937641905,-0.04128279376419047
30011,2024,0.247,0.27496767946303435,-0.027967679463034356
16578,2022,0.323,0.30714446809965956,0.015855531900340447
16153,2022,0.361,0.33500917191681306,0.025990828083186923
11281,2023,0.313,0.2988097825105963,0.01419021748940369
15640,2022,0.34,0.30622297423546535,0.033777025764534674
20202,2024,0.348,0.33490157297655415,0.013098427023445824
23312,2024,0.211,0.25738035835554873,-0.04638035835554874
14162,2022,0.339,0.2882975761847872,0.05070242381521284
17919,2023,0.299,0.30480731218083307,-0.00580731218083308
18030,2023,0.261,0.2685014382427116,-0.0075014382427116
25180,2024,0.306,0.31014045384108285,-0.004140453841082858
22263,2023,0.296,0.29559386799765547,0.00040613200234451696
22563,2024,0.316,0.33600289530176264,-0.020002895301762635
24703,2023,0.221,0.3154554583132004,-0.09445545831320037
22896,2024,0.303,0.3047483096160453,-0.0017483096160453293
21797,2024,0.237,0.2354750206463988,0.0015249793536011857
12179,2022,0.262,0.2739246415498712,-0.011924641549871162
8090,2024,0.333,0.29269369893510633,0.04030630106489369
13897,2022,0.243,0.2709744406736603,-0.027974440673660284
15878,2022,0.28,0.28976333495034123,-0.009763334950341207
16535,2024,0.227,0.22906832979850603,-0.002068329798506019
19600,2024,0.289,0.3033988735967585,-0.01439887359675851
19997,2023,0.285,0.2961641919991083,-0.011164191999108342
14366,2024,0.281,0.26499299059925796,0.016007009400742067
15905,2022,0.31,0.32481341627981725,-0.014813416279817249
15351,2022,0.261,0.2700788230818451,-0.0090788230818451
18400,2022,0.283,0.23526100081011486,0.04773899918988511
21534,2024,0.251,0.2645404055577974,-0.013540405557797397
26224,2024,0.234,0.2499330832538109,-0.015933083253810876
23772,2024,0.326,0.2812550993279569,0.04474490067204312
22558,2022,0.167,0.22523149867350056,-0.058231498673500554
21707,2022,0.305,0.28949143138610023,0.015508568613899765
9218,2022,0.368,0.2875320849769894,0.0804679150230106
7859,2023,0.307,0.3020509547713988,0.004949045228601179
4940,2022,0.26,0.25555576170756555,0.004444238292434455
29576,2024,0.186,0.2859820519905677,-0.0999820519905677
27465,2023,0.269,0.28181076539350525,-0.01281076539350523
12552,2022,0.302,0.2824791870368148,0.019520812963185197
21780,2023,0.315,0.2993681291882474,0.015631870811752602
14773,2023,0.169,0.29807773719961583,-0.12907773719961582
11493,2023,0.268,0.2616801674224463,0.006319832577553697
31394,2024,0.272,0.27589265868516044,-0.0038926586851604217
23789,2024,0.333,0.29413400972459824,0.038865990275401774
14344,2023,0.302,0.29378643522046116,0.008213564779538829
22169,2022,0.276,0.3078375352064882,-0.03183753520648819
31567,2024,0.247,0.29174726295528575,-0.04474726295528575
11442,2022,0.257,0.26341864107368984,-0.006418641073689835
8709,2022,0.272,0.27863769275687983,-0.006637692756879809
20536,2024,0.276,0.2789419155482993,-0.0029419155482992565
17276,2024,0.167,0.2058617848808104,-0.03886178488081038
12979,2024,0.22,0.2776412279961746,-0.05764122799617458
29788,2024,0.158,0.211074392787775,-0.05307439278777501
21501,2024,0.304,0.2983091345604065,0.005690865439593518
19470,2023,0.275,0.29700976090659514,-0.02200976090659512
8259,2022,0.194,0.23693660315110168,-0.04293660315110168
15998,2024,0.287,0.2609025918487903,0.0260974081512097
19470,2022,0.308,0.30926906279272703,-0.0012690627927270381
11445,2024,0.298,0.26878874560344845,0.029211254396551534
21853,2024,0.282,0.28572335430056117,-0.003723354300561199
23792,2024,0.2,0.3297182614953782,-0.12971826149537818
20054,2022,0.235,0.2915850392808556,-0.05658503928085562
9774,2022,0.31,0.2997023275252725,0.010297672474727515
15711,2023,0.284,0.2934300141167968,-0.009430014116796837
25660,2023,0.296,0.3096862080121568,-0.013686208012156809
19455,2024,0.298,0.29157739154510015,0.006422608454899836
16725,2023,0.221,0.27755931625892827,-0.056559316258928266
19287,2023,0.28,0.2825993429121159,-0.0025993429121158873
12532,2022,0.28,0.29511042824788225,-0.015110428247882224
19363,2024,0.318,0.2865724555832508,0.03142754441674922
25353,2024,0.267,0.24107154612190285,0.02592845387809717
16426,2024,0.249,0.28091051181404253,-0.03191051181404253
16572,2022,0.296,0.30144126590766557,-0.005441265907665582
9777,2023,0.279,0.28236776682636905,-0.003367766826369023
28163,2024,0.289,0.25075734541265005,0.038242654587349934
10264,2023,0.37,0.29116854329681785,0.07883145670318215
11477,2023,0.342,0.35058831635074,-0.008588316350739977
14712,2024,0.273,0.2807043250523153,-0.007704325052315275
13770,2023,0.316,0.32120852331297567,-0.005208523312975666
15491,2022,0.275,0.3009511172033774,-0.025951117203377394
13324,2023,0.259,0.27712695225091943,-0.018126952250919426
23697,2022,0.345,0.2989841237335214,0.04601587626647857
18564,2023,0.264,0.2887983195797807,-0.02479831957978068
19928,2023,0.354,0.30649704750071227,0.04750295249928771
7859,2024,0.293,0.2889020324552137,0.004097967544786307
19326,2023,0.304,0.32941893310218573,-0.025418933102185737
25768,2024,0.285,0.28793372606894146,-0.002933726068941489
15653,2024,0.301,0.2847466320428774,0.016253367957122566
9847,2022,0.278,0.28545614575451395,-0.007456145754513921
17040,2023,0.292,0.30017660875871577,-0.008176608758715787
13265,2022,0.185,0.25584031734918194,-0.07084031734918195
18365,2022,0.214,0.24506471700106633,-0.031064717001066333
18373,2024,0.327,0.3204602393266857,0.006539760673314299
11489,2024,0.288,0.31064430404755594,-0.022644304047555963
15676,2023,0.276,0.28122820998490794,-0.005228209984907917
14161,2024,0.338,0.304488587874153,0.03351141212584702
24617,2024,0.345,0.31528109764872375,0.029718902351276222
25878,2023,0.325,0.3088672989929023,0.01613270100709774
14712,2022,0.332,0.3088006224130501,0.0231993775869499
19960,2022,0.242,0.27625312979911854,-0.03425312979911854
29617,2023,0.273,0.2829453433346844,-0.009945343334684387
19470,2024,0.257,0.29510734783225606,-0.038107347832256055
21837,2024,0.264,0.2826817836876723,-0.01868178368767226
15711,2024,0.305,0.25835956798142784,0.04664043201857215
22261,2022,0.389,0.24413994446241336,0.14486005553758666
14854,2023,0.286,0.2855428785185861,0.000457121481413858
13329,2022,0.321,0.28197699463028975,0.03902300536971026
22581,2022,0.299,0.3076808553669826,-0.008680855366982598
13723,2022,0.28,0.27184115957406596,0.008158840425934066
21558,2022,0.29,0.32182990417630575,-0.03182990417630577
14274,2022,0.293,0.27764376248340616,0.015356237516593818
12564,2022,0.309,0.2847152462296822,0.024284753770317802
17338,2022,0.288,0.299506618768701,-0.011506618768701016
20321,2022,0.328,0.2843694465415227,0.04363055345847733
19296,2022,0.278,0.2793389124711275,-0.0013389124711274958
21707,2024,0.286,0.2863429553615035,-0.00034295536150352746
22581,2024,0.276,0.3080430583017461,-0.032043058301746086
26396,2023,0.222,0.27888549571627963,-0.05688549571627963
20043,2024,0.31,0.29672589263747234,0.013274107362527654
10323,2022,0.285,0.27882178916275635,0.006178210837243625
5452,2022,0.32,0.3062565662632825,0.013743433736717492
26438,2024,0.229,0.24311408912606358,-0.014114089126063573
18063,2022,0.277,0.28869129766627966,-0.011691297666279632
19296,2023,0.23,0.240489931544994,-0.010489931544994002
21501,2023,0.295,0.3022125583798587,-0.007212558379858736
25479,2023,0.295,0.31265799041579023,-0.017657990415790248
19892,2024,0.28,0.2915356737874993,-0.011535673787499257
23667,2022,0.29,0.3281604966938051,-0.03816049669380511
25690,2024,0.317,0.3145596643872869,0.002440335612713118
19599,2023,0.331,0.3052539582228488,0.02574604177715123
18036,2024,0.274,0.29778534442719007,-0.023785344427190047
14274,2023,0.27,0.30218624544350486,-0.032186245443504846
12160,2022,0.291,0.31321244726029995,-0.022212447260299972
13675,2024,0.309,0.2974500445418814,0.0115499554581186
10762,2022,0.301,0.29052212878164246,0.010477871218357526
13723,2024,0.324,0.2871365821035869,0.03686341789641312
19252,2024,0.288,0.2794652813864147,0.00853471861358529
17350,2024,0.323,0.32580534382263654,-0.00280534382263653
22514,2023,0.317,0.2917457760266274,0.025254223973372625
5933,2023,0.251,0.2851763577082736,-0.0341763577082736
9627,2022,0.252,0.28741815316716246,-0.03541815316716246
22799,2022,0.243,0.2949436891903112,-0.051943689190311226
20505,2023,0.321,0.31598241943407335,0.00501758056592666
22209,2022,0.333,0.3071413856699446,0.02585861433005543
6887,2024,0.15,0.21918823665790826,-0.06918823665790827
20056,2023,0.286,0.30869753639963726,-0.022697536399637286
5933,2022,0.307,0.29421673078863697,0.012783269211363024
19896,2023,0.341,0.30994191143072064,0.031058088569279385
17696,2023,0.28,0.31837702427650266,-0.038377024276502636
14111,2022,0.316,0.27383306401216245,0.04216693598783755
24679,2023,0.311,0.33179652944305504,-0.020796529443055045
9218,2024,0.308,0.31967664144110397,-0.011676641441103974
5343,2023,0.241,0.2746743048421148,-0.03367430484211481
22799,2023,0.295,0.27287456682079575,0.022125433179204235
8623,2023,0.366,0.32897017023955877,0.037029829760441224
13768,2024,0.255,0.2639098164879197,-0.00890981648791972
12976,2023,0.236,0.2778721453293313,-0.04187214532933131
16530,2022,0.221,0.2523743842675012,-0.03137438426750119
14128,2023,0.244,0.22061209193594888,0.02338790806405111
22197,2023,0.311,0.3037554982840342,0.007244501715965801
21523,2024,0.293,0.29799263706254264,-0.00499263706254266
21562,2024,0.338,0.3337022685276313,0.0042977314723687265
27647,2024,0.303,0.31835156698318323,-0.01535156698318324
23359,2024,0.237,0.2539153040477094,-0.016915304047709412
15362,2022,0.353,0.30259619116351305,0.05040380883648693
19858,2022,0.285,0.26588315769133425,0.019116842308665727
27899,2024,0.306,0.3042799794446518,0.0017200205553482006
19997,2022,0.3,0.2932160789371769,0.006783921062823106
21454,2023,0.307,0.31232441122557064,-0.005324411225570647
14128,2022,0.219,0.2647773878788397,-0.0457773878788397
16947,2024,0.32,0.33334450341324534,-0.013344503413245334
13355,2023,0.29,0.2815175197200074,0.008482480279992599
19698,2023,0.289,0.2835187548407812,0.005481245159218773
25569,2023,0.291,0.3242254765158107,-0.033225476515810703
16337,2022,0.34,0.33046888608469505,0.009531113915304978
12927,2022,0.317,0.30037976023457,0.01662023976542998
23697,2023,0.33,0.3114640284208219,0.018535971579178134
24336,2023,0.41,0.3053526872554069,0.1046473127445931
18564,2024,0.217,0.2204396361343646,-0.0034396361343645987
5827,2023,0.286,0.27021163339374793,0.015788366606252047
19734,2022,0.323,0.32373140908080567,-0.0007314090808056561
21897,2024,0.233,0.2512656527715203,-0.018265652771520285
19252,2023,0.304,0.2898337465635051,0.014166253436494913
6184,2022,0.345,0.3054950815920895,0.03950491840791048
17484,2022,0.337,0.2955791783501355,0.04142082164986455
16434,2023,0.295,0.28365438296957624,0.01134561703042375
21524,2022,0.326,0.2899036903022083,0.036096309697791706
13185,2023,0.301,0.2828901364490715,0.018109863550928473
16725,2022,0.274,0.2701053062971398,0.003894693702860219
18900,2023,0.318,0.32170281381924587,-0.003702813819245865
21865,2023,0.267,0.26696705111141317,3.294888858684786e-05
12977,2022,0.145,0.23890213205165547,-0.09390213205165548
25931,2024,0.3,0.3183126890698493,-0.018312689069849286
26299,2022,0.278,0.3303858581540377,-0.05238585815403768
11477,2024,0.366,0.33142039028491055,0.03457960971508944
19363,2023,0.345,0.28636258779066304,0.05863741220933694
14366,2022,0.371,0.33516077718476917,0.03583922281523083
31347,2024,0.295,0.27761180415967185,0.017388195840328136
16578,2024,0.314,0.3025334374281385,0.011466562571861516
19734,2023,0.313,0.3063085773339264,0.006691422666073588
18839,2022,0.268,0.283553859853935,-0.015553859853934981
21711,2022,0.317,0.2964022803975754,0.020597719602424625
22275,2022,0.324,0.2566183111163262,0.0673816888836738
14274,2024,0.276,0.2912916433561774,-0.015291643356177387
19892,2023,0.209,0.2864523828821705,-0.07745238288217052
12147,2024,0.288,0.2495639910092691,0.03843600899073088
14773,2022,0.29,0.260848023286581,0.02915197671341896
15223,2022,0.268,0.3023021196145868,-0.03430211961458679
18360,2022,0.315,0.31565558665802296,-0.0006555866580229552
16451,2022,0.317,0.34671582064504985,-0.02971582064504985
17452,2024,0.261,0.28647540684659434,-0.02547540684659433
29782,2024,0.271,0.3118246517670797,-0.04082465176707967
17919,2024,0.299,0.3004883910394976,-0.0014883910394976052
21987,2022,0.284,0.2822215841020219,0.0017784158979780584
26121,2023,0.222,0.24505616685318754,-0.023056166853187537
22557,2024,0.322,0.30238564521390315,0.019614354786096855
27506,2022,0.29,0.28072792921894296,0.009272070781057018
18360,2023,0.324,0.2987438071774093,0.02525619282259073
9874,2022,0.285,0.3002861594637329,-0.015286159463732907
18363,2022,0.292,0.2826177206413429,0.009382279358657097
2434,2022,0.295,0.30978274452165844,-0.014782744521658453
18067,2023,0.265,0.20892953801776923,0.056070461982230785
9777,2022,0.29,0.26563956800509986,0.024360431994900122
8623,2022,0.349,0.3325950649141061,0.016404935085893857
12916,2022,0.301,0.2828882934766293,0.018111706523370685
4892,2023,0.296,0.2804492963093068,0.015550703690693168
13602,2024,0.207,0.21033968038842557,-0.003339680388425581
8623,2024,0.346,0.303713504510531,0.042286495489469
10323,2023,0.3,0.29251031474799954,0.007489685252000444
12037,2023,0.349,0.33246299332360013,0.016537006676399846
8418,2022,0.233,0.27270940828791324,-0.03970940828791322
9241,2024,0.333,0.3503018828273882,-0.017301882827388204
26466,2023,0.328,0.2912339485242635,0.03676605147573653
20503,2023,0.348,0.30103222209861585,0.04696777790138412
13836,2022,0.313,0.29570312668305865,0.017296873316941352
24617,2023,0.381,0.34769692102168204,0.03330307897831797
27815,2024,0.305,0.3102328771067309,-0.0052328771067309265
19458,2022,0.255,0.28614120734713566,-0.031141207347135658
20202,2022,0.36,0.3341451815060007,0.025854818493999288
16403,2022,0.292,0.28162705115426295,0.010372948845737029
15937,2023,0.273,0.2763458783587054,-0.0033458783587053675
19197,2022,0.276,0.2872682122393906,-0.011268212239390563
19611,2022,0.289,0.2992850660111569,-0.010285066011156918
12984,2023,0.173,0.24124426894621354,-0.06824426894621355
13152,2024,0.274,0.2910703551891887,-0.017070355189188702
27790,2024,0.227,0.26484937223759525,-0.03784937223759524
19556,2022,0.32,0.3156044287920617,0.00439557120793832
20126,2023,0.256,0.2867497524765563,-0.030749752476556313
19864,2022,0.22,0.2542385751191533,-0.03423857511915332
11342,2022,0.278,0.2879983136454447,-0.009998313645444679
15878,2024,0.319,0.2729704814399348,0.04602951856006521
18900,2024,0.272,0.29559638241671987,-0.023596382416719852
19612,2024,0.269,0.32961456774879644,-0.06061456774879642
31166,2024,0.339,0.2919317836743804,0.04706821632561964
15986,2023,0.259,0.27607613018001026,-0.01707613018001025
21635,2023,0.206,0.24826272670428787,-0.04226272670428788
17766,2023,0.298,0.25746464884204073,0.040535351157959254
11737,2024,0.294,0.31297054977645694,-0.018970549776456958
13602,2022,0.274,0.2613376994843509,0.012662300515649094
15654,2023,0.274,0.2938157310968767,-0.019815731096876676
22458,2022,0.221,0.293139524211431,-0.07213952421143102
20036,2024,0.259,0.26273150106098225,-0.003731501060982245
11038,2022,0.29,0.3183579261834936,-0.028357926183493642
29592,2024,0.311,0.3157949442956197,-0.004794944295619719
17988,2022,0.409,0.32933770036405063,0.07966229963594934
20056,2022,0.337,0.28911591742800813,0.04788408257199189
27676,2022,0.306,0.2846705720822246,0.021329427917775368
31431,2024,0.282,0.32277478011511257,-0.0407747801151126
